batter,batter_name,total_swings,avg_bat_speed,avg_swing_length,avg_attack_angle,batting_avg,xwoba,avg_exit_velocity,avg_launch_angle
455117,Martín Maldonado,234,69.59307927717866,7.728674179863337,17.44539279613075,0.0981136047151786,0.21296248492072678,84.30676328502415,16.105193236714978
456781,Donovan Solano,337,64.70670289855072,7.037961778914465,10.847037463915244,0.08017192384200057,0.1981783237133237,81.05325591608222,16.670778143300804
457705,Andrew Mccutchen,973,68.95644897099851,7.824127838900689,16.16227978599346,0.11924617701246391,0.28747908338857586,82.1222633786973,13.084090608872309
457759,Justin Turner,360,65.88963976134188,6.619226612630868,11.074965441574841,0.09429246876055386,0.24249402705297265,81.16681749622926,17.61055121349239
467793,Carlos Santana,841,69.60047256792835,7.764368592453148,13.883960360849201,0.09044699947417807,0.23658257570478283,81.2686228068889,12.781245691994075
493329,Yuli Gurriel,68,71.52858543417366,8.056271008403362,4.779157491884368,0.03865546218487395,0.10355141612200436,81.1009829059829,28.31282051282051
500743,Miguel Rojas,496,66.44775630796272,7.218447524225815,9.00341756412662,0.12910219940331644,0.2860835367852442,80.12659355240072,12.738818686187107
502054,Tommy Pham,704,72.28079773264635,7.1943030942497215,9.677036811050447,0.13588924059569377,0.2945594562714288,83.88574946904602,6.2457464478911815
502671,Paul Goldschmidt,997,71.25042257197093,7.71471982671093,11.07128016506667,0.1447545609669164,0.30757085833767944,84.51843975433958,18.229984975288243
514888,José Altuve,1063,68.10957655060237,7.6611083583213215,16.233885043719003,0.12579587427655667,0.24370049935477325,80.89605937769446,15.185626209063438
516782,Starling Marte,600,71.25726023964495,7.366907191784463,9.6413020702132,0.11776538815023507,0.2894897731176136,80.90978513011068,9.662847147854643
518595,Travis D'Arnaud,457,68.77483786966546,7.784160985885124,14.913540888586512,0.07965533827602793,0.2063585881265871,81.00482699585511,10.083828918123386
518692,Freddie Freeman,1364,68.46107078769462,7.035899469631663,12.273954933174648,0.12220474549299114,0.2976205675677657,83.25260304324982,15.26813367623472
518792,Jason Heyward,157,69.94911190760654,8.409273861675297,10.930068906418763,0.0881720430107527,0.1918996258533043,81.37442224442225,11.654878454878455
518934,Dj Lemahieu,210,66.74513653483992,7.315214218455743,6.940822587225587,0.1263535781544256,0.26018869332333144,84.29600793942899,11.3487345987346
519317,Giancarlo Stanton,549,79.15369430805602,8.922875977450445,11.712548849209787,0.1130660120021822,0.3379238887258986,87.54859284575075,15.889478241057189
521692,Salvador Pérez,1267,71.53978853129739,8.014644728238604,13.882086388419522,0.09719414125135317,0.3180460668506167,83.46220817454527,17.616035166150596
527038,Wilmer Flores,844,64.42937628940395,7.027430133515888,12.61934736570833,0.07988413410266798,0.21615465659551172,78.91101700003927,16.808623352927153
542303,Marcell Ozuna,1000,71.59559644710873,7.336980174881876,15.047510711697322,0.09235606116513488,0.28528169332555864,81.88261787075753,15.654671645243596
542932,Jon Berti,170,70.94186160950866,7.6564766447119394,4.108580094438053,0.07585736997501703,0.21626798064680416,79.76952180028128,1.4339662447257382
543309,Kyle Higashioka,556,68.91812637568843,7.370962650190447,14.095360812041553,0.11448308260858515,0.25684947853719875,81.46677985260742,18.282981084519054
543510,James Mccann,239,71.17365702479339,7.097390488299578,11.299647092947495,0.12830351466715104,0.25949770918300785,84.04976487425886,9.681891436524799
543592,Austin Nola,67,68.79179487179488,7.255,8.36450028369171,0.09102564102564104,0.2376875,81.65666666666667,17.7
543760,Marcus Semien,949,66.6236048083221,7.841878340253182,17.336525280577032,0.09040443824346754,0.2614464575109479,79.94799442286845,13.804548824984765
543807,George Springer,1136,70.96452667256115,7.616304008252285,14.273451934929986,0.12383583849101092,0.3262472567804576,81.818195771862,15.427871245708479
543877,Christian Vázquez,344,65.92665155071846,6.938672286242709,9.810224953765848,0.07700953193910941,0.20752789893503246,81.03729949238578,20.29267280817196
545121,Ildemaro Vargas,205,69.41801477035796,7.507847256052014,6.714585368294927,0.12447631481517567,0.26738309342251626,83.54123736649132,3.444760082894947
545341,Randal Grichuk,507,72.93751923960718,7.838548195122795,11.346545252154877,0.10641248664050786,0.30013407081290483,85.76866840084232,13.490245971162002
545361,Mike Trout,944,71.8479661391885,7.7591466521503705,11.333811848000712,0.10327366261837378,0.304753343338966,82.70924753328863,17.123013993094855
547180,Bryce Harper,1177,72.7814290542584,7.384207751573022,11.818683958984503,0.11779481577385768,0.3259461175718826,83.87058936005546,14.111004629844691
553869,Elías Díaz,524,71.40804691333057,6.9825153209338255,7.174441420910469,0.0974433862937429,0.23780457231287414,82.4773261156068,15.347279244053437
553993,Eugenio Suárez,1359,70.6091626730946,7.884003505840361,19.375403539937277,0.0929600752664133,0.2778197839041646,84.22595605789083,16.201590081925023
570482,Gio Urshela,383,66.55826397826398,7.363104533104533,12.152839215451797,0.10623480623480623,0.2699346043017908,81.39956709956711,12.2699381155757
571448,Nolan Arenado,763,69.74156222717829,8.522004479518118,11.070525103294836,0.1118131564400221,0.2360363621791215,82.64597253852952,18.300791395812706
571657,Kyle Farmer,518,65.97543245323061,6.994761862291423,15.365913789270083,0.09132543676398451,0.23548451430562822,81.9090021817096,14.969713861018208
571771,Enrique Hernández,629,69.93718746165132,7.605591623315992,11.265680850716945,0.09836307856475923,0.25245086737387384,83.86957981273757,17.118543618698546
571912,Luke Maile,88,67.30288461538461,6.707158119658119,11.539320212914923,0.08760683760683761,0.2182929104548117,80.03997198879551,9.062636165577343
571970,Max Muncy,736,69.910892112425,7.088572449898787,19.033526933981747,0.10471934945532613,0.27689415048389376,83.77298617511521,14.788494870617058
572191,Michael Taylor,602,69.94133617809344,7.2452302537373265,16.092113520053584,0.08571796781029843,0.2240701585797964,82.07192292644758,16.688771517996873
572233,Christian Walker,1266,71.79632173778602,7.692985157699443,11.827375018137843,0.10355081426509999,0.26684503007425914,83.4428613445326,15.90231611474002
573262,Mike Yastrzemski,933,69.81155504541825,7.596630519109514,11.617105972606653,0.11927705642949067,0.29392120211664974,83.70592533285418,19.332939021361152
575929,Willson Contreras,1024,74.43817250067602,8.045242004926001,10.88070149879742,0.10907336269694767,0.32165198448268545,83.15546164465724,11.660366609907522
578428,Jose Iglesias,587,67.78272271021258,6.826592265659497,5.039918828623466,0.10581626243192666,0.24619005909234962,79.99537120440833,8.262723690808798
592178,Kris Bryant,81,66.52292682926829,7.979539295392954,16.517903590291645,0.051761517615176146,0.15457254199604745,77.29388888888889,3.4388888888888887
592192,Mark Canha,226,65.43090949857691,7.615956492692347,12.343834341602623,0.1121361044761094,0.24492053698074975,82.65809078309078,16.252598752598754
592206,Nick Castellanos,1271,69.3988588585613,7.78417200489811,16.093496357417422,0.10262414121496437,0.28335731758680605,80.89565061580187,13.007982031522287
592450,Aaron Judge,1153,75.21946537988889,8.205893801493586,15.616463022695115,0.13597053475068388,0.3863228590151293,86.06853696232622,18.071407828876346
592518,Manny Machado,1326,73.1275183225625,8.00453070309282,9.486886045039192,0.1200313242590824,0.32397106476439047,84.76263074278812,18.48152372851791
592626,Joc Pederson,530,71.91397109118621,7.6860718272917525,11.147255724970256,0.08992628214929299,0.26017431455649637,84.27157564075105,16.712780514504654
592663,J. T. Realmuto,1052,70.622736115207,7.674880749217215,13.907846632349235,0.10297211089463333,0.257484370201421,82.11861839448483,13.16946483176322
592669,Hunter Renfroe,168,73.1361111111111,7.714880952380952,10.186597765518018,0.07539682539682539,0.21031945196007693,82.75445304437564,12.655572755417957
592885,Christian Yelich,1217,72.14169879501206,7.6614143529941545,11.2851380635148,0.13113130507112217,0.29934110835403516,83.0699533378243,6.259652217237598
593428,Xander Bogaerts,838,70.08958010150691,7.46574400830615,11.873126060423141,0.14157952478162453,0.28119606494779165,82.62530579770306,11.163041053101294
593871,Jorge Polanco,964,69.35179711366642,7.265973454279057,10.1868869040403,0.11739488530876639,0.2947493299962587,83.67890255413606,14.424244022503515
595751,Jorge Alfaro,88,74.35870535714287,6.927678571428572,3.3195301286200394,0.11383928571428571,0.24821914098972925,78.71454545454546,15.862121212121213
595777,Jurickson Profar,652,69.52472636914382,7.585047597057756,11.285429754128431,0.10027091510813514,0.26202129852554273,83.4329705453485,16.755916492350604
595879,Javier Báez,883,72.65304616310046,8.350634083838294,11.229823824356453,0.12206865850861646,0.2432046962988399,79.02981474207908,8.259079056914745
595978,Austin Hedges,333,69.58085537918872,7.650529100529101,13.644883951580821,0.07372134038800705,0.18839505755324723,79.47263492193792,16.637060257749912
596019,Francisco Lindor,1298,69.69041143969578,7.5980821590234875,11.831641702425443,0.10776857166283343,0.2785826680305079,82.98631902504492,16.709761063554087
596103,Austin Slater,310,68.6270357654275,7.015627360777548,12.123573509922409,0.09208751930904623,0.32267213628695185,83.22178401663696,10.483734402852049
596115,Trevor Story,1312,70.53717308288715,7.508129428353641,12.394448843104783,0.10792586006466194,0.27894508245526506,82.94538567260575,15.679022472870203
596142,Gary Sánchez,159,72.04072547548651,7.6614409484724115,14.0768500482086,0.0848976950119883,0.2520114058476465,85.01887774061687,9.834952487126401
596146,Max Kepler,886,69.46180874379486,7.4771751034014,9.169698719898648,0.0999918983983793,0.29364391715834787,83.6182816290055,14.740239355520856
600869,Jeimer Candelario,178,67.14979452914235,8.123171152518978,16.501899921650764,0.049140473053516535,0.1413349239910546,83.3411804158283,15.08268127282212
602104,Ramón Urías,699,69.10527131031363,7.809353238195051,14.744092251018278,0.1040134443228669,0.266310722957779,81.25555417464672,12.829314357521545
605131,Austin Barnes,62,65.06375,6.3743181818181816,5.010103987071078,0.10795454545454546,0.226058362369338,80.05294871794871,12.821794871794872
605137,Josh Bell,975,71.45909363863178,8.093988949909539,11.271301829803184,0.10820684960356618,0.31571699143069015,83.90954700927817,14.552748437007075
605141,Mookie Betts,1077,67.69130256389862,7.1624770194714245,10.35044517515877,0.13598727381626907,0.27307338485482974,83.02773691045435,18.608315012353717
605170,Víctor Caratini,644,71.46991433098766,7.0817478013325506,11.843820617919121,0.1227593705738436,0.2946253296630862,83.46997095785586,11.775933431589289
605361,Nick Martini,189,68.2534391768818,6.881663959041009,8.305352835095984,0.1250086151725496,0.2065694120246473,79.61061208576997,12.197637645006067
606115,Orlando Arcia,401,68.44675324675325,7.847224476911976,8.172577145928239,0.10688356782106782,0.2375334718508162,80.41656037151704,9.942579979360163
606192,Teoscar Hernández,1165,71.3968898327261,7.927989157054959,11.958193583683505,0.11194580316744612,0.27849265177081245,81.15024505714332,10.64505989298687
606466,Ketel Marte,921,73.43440967223016,7.871221029044325,10.410951281105856,0.13925174591260162,0.34252511277697995,85.2156254869764,12.094342344656349
606992,Eric Haase,154,70.11276164549304,7.136406533575318,11.95775688501572,0.12444041137326074,0.27578867797115164,76.08064814814816,8.346296296296297
607043,Brandon Nimmo,1168,71.27423102628414,7.385481208272709,8.266615766500891,0.12979593768271472,0.3097671460836599,84.55817749829068,14.093705694454
607208,Trea Turner,1196,69.97979964856846,7.651791036962858,8.834621183452581,0.1298473334845112,0.27859212080844625,81.75450508454692,11.405130372308156
607680,Kevin Pillar,87,66.70353535353536,7.530415263748597,9.809936312078682,0.13973063973063973,0.21991096789593031,81.77097494553378,15.884477124183007
607732,Jacob Stallings,260,65.69828589500317,7.377261227071474,13.385517713444372,0.05740037950664137,0.17638870189038489,80.29582255481647,7.386425227888643
608070,José Ramírez,1195,69.56371508338015,7.261078968128396,8.720511184791006,0.1339699241111619,0.31012467917275327,83.65448007376936,19.426313400882197
608324,Alex Bregman,798,69.68748867556621,7.250956752162391,14.995950030860852,0.15054547272636368,0.2953182134798387,83.81250137325365,16.913384292625462
608348,Carson Kelly,769,70.09729726078815,7.1581136856548495,13.496866379838545,0.1177521798787235,0.2894802423914717,82.87656109558016,17.022167569034053
608369,Corey Seager,805,71.51043254049789,6.752188608938716,13.396259618090603,0.11221889050124208,0.36216189752489,84.27618804436462,15.619788780334884
608385,Jesse Winker,129,70.10794622044621,7.642636530136531,16.035574798326255,0.12487512487512487,0.21951653998456325,83.36766233766234,13.287157287157287
608671,Travis Jankowski,79,64.56359307359308,6.777316017316017,-0.42634067999602704,0.09956709956709957,0.23034761904761902,76.52985507246377,-0.6681159420289854
608701,Rob Refsnyder,369,70.84602465986394,7.852636054421768,14.082894651057252,0.11167800453514738,0.2877962600060955,82.65444752590862,15.31391524351676
609280,Miguel Andújar,647,70.98700296832673,7.916592946914471,7.66789665303074,0.15138456377637216,0.27040141872745016,81.82870913966805,13.584378124009461
620443,Luis Torrens,518,69.47119079928181,7.394138269245858,11.422457496776596,0.1239878009941982,0.31739095383113547,83.83717107822834,8.442967588462682
621020,Dansby Swanson,1282,69.34297379941952,7.546933916245945,16.654247280475364,0.09560375447030652,0.29276671918319647,82.45211490973917,10.66434401367727
621028,Kevin Newman,210,66.94428164428165,6.839293854293854,9.51442862113945,0.11770451770451769,0.2220096561148739,78.49990965171476,17.692138218065214
621035,Chris Taylor,235,67.19823415815658,7.360881448023044,16.210302000845505,0.07699986907567426,0.2262793907158314,83.35176603851302,15.992482751518898
621043,Carlos Correa,1010,72.54511181736812,7.4540250656309555,11.058055958133295,0.14426111230985003,0.33911255553374353,84.31187545881077,11.637481048299762
621438,Tyrone Taylor,585,69.45158914679169,7.757231426953325,10.355772358471807,0.10662549022112645,0.2727821970449657,81.20095959595959,20.067929292929293
621439,Byron Buxton,1020,73.348059985884,8.13615780761671,16.140921086130554,0.1195856100498295,0.33621458625562567,84.97688964474679,13.630893979857733
621493,Taylor Ward,970,68.41219731767536,7.247465882055664,10.575449984861082,0.1135493154997077,0.27590648312659144,82.22716708307023,16.048551863436945
621512,Tomás Nido,62,67.48803921568627,7.6764705882352935,12.40765127214706,0.20261437908496732,0.2728744019138756,80.17560606060606,16.330303030303032
621566,Matt Olson,1374,72.41706932434066,7.6643995371564655,10.606671796091245,0.12465993960851462,0.31577475603383637,84.93411748110128,19.298057193762048
622534,Manuel Margot,25,69.064,6.644,-1.8465566865467544,0.24,0.3865454545454545,75.4125,29.1875
622569,Pablo Reyes,49,68.05705128205128,6.968696581196581,5.128255916162557,0.15705128205128205,0.2581332282913166,82.00772946859902,26.584541062801932
622761,Jorge Mateo,160,70.64538866930171,7.803985507246376,9.761703096835157,0.09277558190601669,0.1840702684352684,76.74172798216277,12.268589743589743
623168,Tyler Heineman,308,64.65171613191171,7.242046322921504,7.174468359436664,0.1091990368811286,0.20990034910034913,77.82403981264638,19.35427400468384
623993,Anthony Santander,475,70.97259673764921,7.373310182409543,8.426500456756523,0.0773122639356336,0.23333235785092885,82.5831000780474,24.357949695273263
624413,Pete Alonso,1240,74.03507827988254,7.221254203819586,11.80055905251915,0.11917745912568493,0.331076852801978,86.10179569022874,14.899062975334557
624415,Cavan Biggio,123,65.66128084606345,7.13886980626111,15.719874368931064,0.057865557865557866,0.19212716386177922,82.56101022329835,13.54109496906107
624424,Michael Conforto,898,72.8530873399975,7.437899466098195,11.983294196833777,0.08551911387664564,0.271833819411017,82.25153549518278,11.397443816195691
624428,Adam Frazier,890,64.35440649811936,7.020438834237102,11.880457687291312,0.11789384836456511,0.25207066243493764,79.62706581616014,16.11961426547626
624431,Jose Trevino,469,67.91004145345748,7.347303428124039,10.259270986464026,0.10954990725983094,0.22392734453595028,82.05424783549783,12.376082251082252
624512,Reese Mcguire,260,70.02377450980391,8.385995012039904,15.625241744497773,0.09481424148606811,0.24263249548416446,81.77548497365048,13.919916441152731
624585,Jorge Soler,569,72.43184688995215,7.883099946836789,10.244353761669865,0.09791600212652844,0.24703085429997995,81.73960922397127,14.265643086722251
624641,Edmundo Sosa,524,71.10963739793395,8.317217755732694,12.699213002644726,0.13252923200358688,0.2701444454468218,81.08605922522658,11.417005598654315
628451,Andy Ibáñez,362,68.2857782521717,7.282524804983822,7.600115354708277,0.11451645386071614,0.2807204034201689,80.89011636233441,15.55797047489029
630105,Jake Cronenworth,896,70.07744158243953,7.262089269402804,10.532187320109228,0.10324542972863932,0.2335318664214775,81.28093432590192,16.92736828968589
640902,Jhonny Pereda,134,68.59561628023688,7.227283448760414,4.901117771521523,0.145287563986751,0.2307378988161597,82.65138461538463,19.45128205128205
641313,Tim Anderson,178,67.71613837489944,7.321753821399839,11.870142248024912,0.09608474121748457,0.1974239854081167,81.61341991341992,7.496392496392496
641343,Jake Bauers,406,74.50273099814889,7.854846176686969,13.474916265977015,0.10197075133086386,0.29718255538378613,83.22351806351806,12.88050505050505
641355,Cody Bellinger,1265,68.89395133206784,7.936060718478715,14.303401763458837,0.12673652060481763,0.2801633941395108,81.79908182356162,16.97930280341541
641487,J. P. Crawford,1255,70.16612066815564,7.3322352938564554,6.4348042432794275,0.12099201715124712,0.3091417922581174,81.53137197168917,17.859497189497187
641555,J. C. Escarra,159,71.57316468253968,7.675793650793651,8.408228045369611,0.1195436507936508,0.2566463831984735,83.5739099859353,7.705004409171075
641584,Jake Fraley,375,70.04247242836529,7.283605012712155,11.44619453939257,0.11195372088229232,0.2673706041835516,80.74766601671145,16.666195495369724
641598,Mitch Garver,470,70.30398545898545,7.4137640137640135,16.95634720349987,0.09274059274059275,0.2138375326430095,82.31597076152599,16.117386949477094
641645,Luis Guillorme,33,66.08863636363637,7.711363636363636,12.472159764710284,0.11363636363636365,0.2585952380952381,75.9125,25.791666666666664
641658,Garrett Hampson,134,66.1760582010582,6.981084656084657,12.086439433215062,0.08068783068783068,0.15041359649122807,75.71472222222222,21.812935323383083
641680,Jonah Heim,815,67.4031623910514,7.699815674694651,12.663005617982336,0.09886148250601916,0.23019271231031144,81.58168071691797,16.74656848023846
641856,Billy Mckinney,36,69.5495238095238,6.9090476190476195,11.397533658616435,0.11428571428571428,0.3390921052631579,83.42625000000001,19.2625
641857,Ryan Mcmahon,1128,72.617124238098,7.574227783097012,14.948763793254281,0.08634300267611499,0.2714572214682623,83.48872131423403,16.607856426683334
641933,Tyler O'Neill,382,72.76045014063594,7.817899947286672,20.200890826189067,0.08457571806819736,0.2913135992475579,81.40296198217418,16.538281412826265
641943,Joshua Palacios,274,70.58370795190352,7.301542066259809,9.491067137900004,0.08757901046207499,0.2520311326182138,80.97604717813051,12.265783905838845
642086,Dominic Smith,405,65.4441852199348,6.9613071819882215,13.276883548956777,0.12597072270116244,0.2752259217518219,81.5910101010101,15.162962962962963
642133,Rowdy Tellez,555,72.94869549150037,8.040263537070633,8.708394699446776,0.09993567107388246,0.29299068637121,83.28683069930851,20.106789564684302
642136,Matt Thaiss,362,70.38945369706883,7.629305043866527,8.587764727280096,0.08195267771191163,0.21892103323699189,80.86200541556146,15.111538461538464
642180,Tyler Wade,188,63.19426164454853,6.867786234712464,8.549112290154342,0.07396565183450429,0.16611694444444444,76.2044699872286,4.604086845466156
642201,Eli White,502,69.37714028139992,7.321047499459554,10.934216894211303,0.08858255946056583,0.26682159385261156,81.92463471928589,8.759991386735573
642215,Weston Wilson,223,72.8284039109039,7.831993006993007,15.304765294761289,0.08051023051023051,0.2884922593148855,82.20921855921857,5.673839662447257
642350,José Siri,80,71.023537987104,7.667589010372862,13.350457539229431,0.019624334174376225,0.12144818274227143,77.38111111111111,12.781481481481483
642708,Amed Rosario,366,72.1572817679558,7.426184284837324,7.41488922820423,0.12949907918968692,0.29821180830100297,81.58251856097827,13.980005309015958
642715,Willy Adames,1260,70.41202650331962,8.308078483317558,20.203826630885967,0.09461864053421203,0.24881142186514607,82.31296627289846,14.470034914506348
642731,Thairo Estrada,295,70.70475393238803,7.535299118009846,13.722405078633074,0.11682685485367478,0.21865018542588763,81.3832548323954,6.2165401740538355
642851,Austin Wynns,217,69.7023343605547,7.586995377503853,14.88513481908169,0.11558808423215201,0.27687414135613503,83.53269980506822,8.397855750487329
643217,Andrew Benintendi,831,67.26654719095806,7.152804910306259,16.153244689166147,0.11146695109638084,0.27619497535112275,81.77849615944882,21.422170735347095
643289,Mauricio Dubón,688,66.43295077230395,7.631396477198327,7.629897873812809,0.11680930238772864,0.24362321018725472,78.77340616443622,13.563233829776564
643376,Danny Jansen,553,67.86986102190822,6.987739242132306,15.866278137293541,0.08722614714907585,0.2271420812324818,82.56423208923208,21.77074116678077
643396,Isiah Kiner-Falefa,817,65.60647526310721,7.073288479004283,6.7531534299240805,0.1304501439856571,0.23326568898099467,79.96570848881252,6.621584354342975
643446,Jeff Mcneil,867,69.11338437020255,7.515021312868202,10.667226478494015,0.09667918399975817,0.269024213674191,81.04563723235903,16.79975951501385
643565,Mike Tauchman,716,67.29256576175538,7.2789842995738745,9.727034395530188,0.1231269967896419,0.2799231105939904,80.82530487804878,19.634592283202608
644433,Chadwick Tromp,26,68.46848484848485,7.95,8.909573427708981,0.0787878787878788,0.19671296296296298,82.27792207792209,24.077380952380953
645277,Ozzie Albies,1228,66.87951508013266,7.265395952352377,12.888733691485271,0.11286829266011288,0.2573410434662046,81.74456130268199,16.55955938697318
645302,Víctor Robles,259,65.6598534752299,6.919847900346326,12.531143262823198,0.07759080880516045,0.2023247027069156,79.731525325949,12.333506403599861
645305,Ali Sánchez,41,68.92681818181818,7.1895454545454545,10.089080500213862,0.09545454545454546,0.29292424506387915,81.5,23.354166666666664
645444,José Herrera,303,66.19590767686525,7.3188329393368114,8.81324120414469,0.07952403142718335,0.17825401381930117,78.45465903472994,16.770464095909034
646240,Rafael Devers,1401,70.6771113707156,7.712807181474076,11.566079341119528,0.10461782571586287,0.304179957477267,83.98652457118524,17.098852461786425
647304,Josh Naylor,1106,69.48722502814358,7.710675389115792,8.539862755752528,0.1458275635892798,0.30454191623566335,82.41466809588988,12.716630177409508
647351,Abraham Toro,527,68.76382293961474,7.687937590615526,11.837968488155633,0.10155011391666197,0.269809803176327,80.63400192996967,16.334694041234968
649966,Luis Urías,535,67.36504319159438,7.670320895917072,12.039871521656414,0.09867273993371413,0.24787127587044508,80.31764538558785,18.65422186418427
650333,Luis Arráez,1140,62.044713999714,6.025166327041327,7.297434978233565,0.1528376590876591,0.2771392456870749,81.18991756041342,18.50506714680822
650402,Gleyber Torres,1123,68.32371077399732,7.287324286665261,10.639402788940187,0.11710900793995349,0.301992692830058,82.73107461012641,20.025460255577215
650489,Willi Castro,891,70.03308899176955,7.356488608756012,9.397616616645493,0.09823429520551341,0.25818581016705616,79.29586782757637,10.095054080629302
650490,Yandy Díaz,1076,72.89204506791448,7.777591454792898,4.189144618743193,0.15829201905317392,0.3135456677251433,85.30758821236428,12.764618910397452
650559,Bryan De La Cruz,95,70.64978892871366,7.852827558741538,14.84029738883324,0.09645559538032655,0.21750861717029868,82.27538543328016,18.502126528442318
650859,Luis Rengifo,1000,68.8304752271538,7.112476376797805,7.449927974159274,0.1089333682190825,0.28375068687343163,82.03715011781468,10.58959703271412
650968,Yohel Pozo,350,68.15975903145988,7.817145457758926,7.895037384884474,0.10588264404383174,0.2478438447132257,82.1424044048616,23.016317779300195
655316,Andruw Monasterio,253,67.7972846889952,7.1528107199817725,16.653578252167268,0.14575928457507406,0.2595531648106457,82.12161616161616,23.227777777777778
656180,Riley Adams,546,77.12645600938284,8.045888730035072,10.70919374085249,0.07856201148884075,0.2433863559998266,87.42080913765317,11.794236596090604
656248,Sean Bouchard,111,71.12186126804771,7.429327526679221,13.863426539604717,0.0788998744507219,0.20220000000000002,82.53206009676597,22.692386045327222
656305,Matt Chapman,901,73.45867816575988,7.706040745740579,7.422339363792195,0.10147324110637063,0.28189994655960593,84.31966583173495,15.728309043634534
656413,Stuart Fairchild,91,66.89240774349668,7.566804943392966,16.940466888619593,0.11770806326160228,0.25229050017002635,77.49561403508771,18.145614035087718
656484,Tristan Gray,156,73.4513836541709,7.368990206011482,8.895942145648046,0.09926376224248563,0.3226034596920191,84.61823232323233,18.44482323232323
656537,Derek Hill,296,71.40150252566069,7.409575420813742,15.987651803546283,0.0966401948212881,0.2901206681047503,81.96956604907909,13.125919246020901
656541,Sam Hilliard,113,74.17412411118293,7.316729153199741,10.21384814865236,0.12090066795949149,0.2635422112031487,83.67357142857144,13.3531328320802
656555,Rhys Hoskins,550,68.87102079652927,8.281402204198814,17.7870431517667,0.10202659863676812,0.22385774564822528,83.55312165963431,18.600513361462728
656577,Alex Jackson,186,74.86644444444444,8.000895424836601,13.753474276960164,0.10154684095860567,0.20798060332336588,80.34963574982233,22.40556147832267
656582,Connor Joe,131,70.77918784797869,7.483850762527233,9.248083726374112,0.07747821350762528,0.2180484051350041,78.60220430107526,7.405376344086021
656716,Zach Mckinstry,976,66.32841585158296,7.004166252631644,12.79350210477115,0.12088253627771821,0.2511129384014282,79.76435151070581,17.307696625154907
656775,Cedric Mullins,952,69.40991119959942,7.708538199638736,12.775206161613461,0.08450133767015722,0.25274217226645324,81.39798317016576,19.522831207589952
656811,Ryan O'Hearn,1004,70.60487135548254,7.28306511281868,13.06234766778482,0.12901936116638388,0.2939272176669074,82.13645116117593,11.522775405783321
656896,Emmanuel Rivera,244,67.4192948858648,7.095708589405912,8.7569001281688,0.1107330992098332,0.23981177784521865,79.25190476190477,12.207936507936509
656941,Kyle Schwarber,1269,74.66111696584859,7.617665417889354,16.1332216753541,0.08143784822220831,0.2723998323148736,84.96762935041457,19.15539280699017
656976,Pavin Smith,490,69.92164502164502,7.419379509379509,13.905520162169438,0.11673881673881674,0.2625580175748831,82.51218927725863,11.570082236664836
657041,Lane Thomas,231,71.76330642090521,7.088045073476738,10.593867960318201,0.07415567903863902,0.2003945086834217,82.54855006304074,17.452828137907048
657077,Alex Verdugo,307,65.90665204678362,6.439230019493178,3.7053311870280097,0.10867446393762181,0.25460556345915647,81.53313719543019,11.333224648670509
657136,Connor Wong,343,70.97611412365994,7.487350411368737,14.097449226393989,0.068792071802543,0.19770317695803263,77.92755271262735,12.224713373967106
657557,Paul Dejong,458,71.5105035515859,7.090518896241227,17.53601627152133,0.08664284995740235,0.2404560550646779,80.35519627411843,18.837879795963627
657656,Ramón Laureano,909,71.07538192554625,7.181507944528975,17.496661310511453,0.12016013406112552,0.3150040074215383,83.60113889282398,13.243704648124536
657757,Gavin Sheets,1013,73.42707758378693,7.871289141323714,9.533340008549134,0.11783258452925731,0.3173941422510201,84.03974747644453,16.01365289865083
660162,Yoán Moncada,487,71.75669139845813,7.346158148687262,12.245583903243299,0.10029347943285354,0.2704078177053694,81.86137312643747,17.25005303726752
660271,Shohei Ohtani,1392,74.12068669243564,8.059899730410072,16.229271850863526,0.13068482534187795,0.3881574827365015,86.53256599506405,14.388592945248035
660644,Vidal Bruján,168,68.34419789939193,7.18066334991708,10.490886248540564,0.07233830845771144,0.16854031802186284,82.57243867243868,9.999729437229437
660670,Ronald Acuña,781,74.36617050817618,7.720103501571082,13.325620198182976,0.11456183071336029,0.30614190948351067,83.42428962898948,12.432691321914215
660688,Keibert Ruiz,454,65.01356403430937,7.105302350802134,10.596136693285088,0.1318882996407191,0.2629776224295261,81.91604921329588,11.645559743502284
660757,Oscar González,139,72.99967201243797,7.2084957297723244,5.305016130357896,0.10278363469852832,0.3210346538985462,83.95203962703962,12.952797202797202
660821,Jesús Sánchez,904,74.90945146034468,7.018475349530605,7.826965212807259,0.10991776986791528,0.28913846299933726,84.35047624482654,12.348577244057468
660844,Leo Rivas,187,64.74673960117325,7.245228744660328,16.69022547384758,0.09812201027579281,0.1949980781993326,81.63900207508017,11.803214818962298
661388,William Contreras,1219,71.83615876324474,7.255797497042938,12.203705404579994,0.12263612827448157,0.279275513020542,84.04237221829807,7.501213648342503
662139,Daulton Varsho,643,74.09521002373462,8.08221871560348,14.80507484757297,0.11686293991019159,0.30762550515225884,83.75071954832505,19.510388111383637
663330,Jahmai Jones,262,72.79539991258741,7.742913752913753,14.386159694084983,0.11601835664335663,0.3231708474247217,83.27662328934507,13.58769550342131
663368,Blake Perkins,298,68.47487410141083,7.280253463012084,9.555037295981537,0.1276733428157716,0.25145195388286395,81.24610567125603,8.035708644675294
663457,Lars Nootbaar,885,71.89103679419544,7.07373223429262,10.733934314704989,0.11427225163631123,0.25406059476101467,83.03002304225231,19.965303291655704
663536,Tristin English,43,70.66744444444444,7.123555555555557,7.041430010188468,0.04,0.09266666666666666,81.86295546558705,11.277327935222672
663538,Nico Hoerner,1132,67.03438849777234,7.354870251334898,7.28685604895048,0.14800785634118968,0.2796928845480225,80.35995924388625,16.198021231122254
663584,Hayden Senger,123,71.14512195121952,7.664634146341464,8.60617056890823,0.09146341463414634,0.2718252086460729,84.36259259259259,16.80666666666667
663586,Austin Riley,881,74.27777019890864,7.686475585817692,12.00169634358948,0.11533327465821745,0.3034317807857486,84.13087353195347,16.766139485475676
663604,Brandon Lockridge,287,70.40865055241954,6.909976079198553,6.466481317380243,0.08148324532283745,0.22174577102046422,78.92046783625732,8.389619883040936
663609,Luken Baker,72,73.40271078128221,8.201020408163265,13.555208065104525,0.16687280972995255,0.35580090729274166,81.30967741935484,13.920122887864823
663616,Trevor Larnach,932,71.00722658738586,7.380629233047196,10.1415552342094,0.11530884414504944,0.2543136950861884,83.45761753467234,11.38376402323342
663624,Ryan Mountcastle,755,74.10075081559079,7.707555247544522,9.920064842190724,0.10093436462857003,0.2788918475763077,83.03199818897002,12.650585412557243
663647,Ke'Bryan Hayes,921,70.80365702078745,6.9203585524949105,6.026532056140371,0.13165794175079978,0.25942068654642125,81.6132509578544,14.305028462998102
663656,Kyle Tucker,1056,69.87403707893999,7.648125261151317,12.620608308343526,0.12086340620553439,0.2984827169387901,81.55349259322723,13.458196317783598
663662,Daz Cameron,83,74.12703703703704,7.003888888888889,5.46474259001825,0.08888888888888889,0.3572866666666667,78.39636363636363,31.542760942760946
663697,Jonathan India,902,69.91664981243407,7.559753522939874,11.654743925170905,0.1111649874415704,0.26649405140416055,81.0174753867792,14.896376499317675
663698,Joey Bart,515,72.72272481040086,7.482195738533767,11.299129935124348,0.1126060391653953,0.25267111778639867,80.50454840077366,9.724374053886867
663728,Cal Raleigh,1500,73.28595804138563,8.044921693730133,19.165431551371004,0.10360198997481018,0.3243686637922873,84.9218484197332,22.605335033952873
663731,Connor Kaiser,28,67.85179487179488,7.417692307692308,6.4954594513919215,0.07179487179487179,0.300875,79.34375,30.625
663743,Nick Fortes,408,70.84893627651475,7.5188834100122035,5.2230706896765575,0.10846418703038956,0.23280251822068102,83.90070488643032,16.441662518666003
663757,Trent Grisham,926,69.30794218287419,7.7370683836715095,16.98688676777889,0.11469651970774519,0.29668622494082797,83.3448161924084,14.36698272324241
663837,Matt Vierling,191,70.87036149642707,7.668984167016954,9.947526675948476,0.10577273364158611,0.2728722331242707,82.16577777777778,26.474920634920636
663853,Romy Gonzalez,662,73.33739389233953,6.913636415919025,7.304874862091111,0.14441664749635766,0.30825543528522564,85.29636611352119,8.791706808192863
663886,Tyler Stephenson,597,68.1185677635204,7.549074943279829,15.932547319980062,0.08878523160676699,0.22523359033857251,81.50354849329402,14.3645644487738
663897,Luke Williams,44,65.88072916666667,7.789583333333333,14.206669493828947,0.046875,0.22396289062500002,75.06666666666666,16.737179487179485
663898,Brendan Rodgers,226,72.40003237503238,7.373124560624561,10.609531739347688,0.09057146557146557,0.2690141931793388,80.35815763052209,11.746039714413207
663968,Jake Mangum,838,66.28519204521503,6.660179746877542,3.686843060738924,0.12212283405469009,0.2533414913586538,79.80486827419868,10.759497781061517
663993,Nathaniel Lowe,1152,70.86264657387399,7.5072764442691,9.28404014059692,0.10848688359470503,0.2657950307342809,83.11845875872751,15.367029178072338
664023,Ian Happ,1181,70.42427298913876,6.9732515556332215,10.957691845726304,0.10709067511769961,0.29838448366812076,82.35091187702577,18.103634054245088
664034,Ty France,945,70.06952042683378,7.59291072944806,12.920514425807644,0.11705510065740371,0.29338617560178665,82.76529219237553,12.307396533615082
664040,Brandon Lowe,1154,72.18996228279572,7.293544080339037,15.708298786407715,0.10634018712983544,0.302070878730114,84.1302789253484,15.50695388341697
664056,Harrison Bader,929,72.29474103392882,7.275215934090748,13.352440232255228,0.12302856110605738,0.23888052716636418,80.62066815694678,13.588286692364349
664059,Sam Haggerty,307,69.8616599636564,7.091105278188568,4.734850363944068,0.12355275914819928,0.251298624301971,81.26308259222661,6.27241847826087
664068,Scott Kingery,50,67.96579861111111,6.943402777777777,12.801253048801204,0.015625,0.16021527777777778,84.73923611111111,29.92361111111111
664238,Dylan Moore,477,69.31348051948052,7.341601986249046,10.135980861603798,0.09121976063152533,0.23874913759611097,79.72968502437261,20.790938278704235
664702,Myles Straw,497,65.27534740900126,7.034967276313431,9.09264597164595,0.14133046440738747,0.2600830473255109,80.96202033891456,15.17590014707177
664728,Kyle Isbel,604,69.73380122028475,7.209158803720868,3.3666922449670635,0.1278965091854766,0.2220103225253797,81.23731269321695,13.592728440849227
664761,Alec Bohm,866,70.79345769249518,7.453996812329566,6.828191540855525,0.14940784907485136,0.30639868577509694,82.37690397677588,12.129951436428529
664770,Nathan Lukes,871,67.39049251042347,6.661009070497339,9.219721934027378,0.12355254740883352,0.291073169722174,81.16556243776323,16.95368898511799
664774,Lamonte Wade,403,68.33650352238512,6.8982789165365785,10.424660801015998,0.11483849828146314,0.2525602867985411,83.40363166370032,18.46270870412747
664913,Seth Brown,141,71.61469029374202,7.323148148148149,13.006812570385714,0.05833333333333333,0.20523546294821118,80.78245614035087,18.444444444444443
664983,Jake Mccarthy,380,68.88584277759036,7.110327595279052,9.731900846827466,0.09088700350836272,0.27637510621647193,79.64216658454463,6.283454117312709
665019,Kody Clemens,717,70.79175570272258,7.454172988928641,13.723409434860878,0.09784577909720638,0.30363897367813886,83.82926406926407,13.591868131868132
665052,Griffin Conine,153,72.79605928647571,7.657220861400286,13.388237419444474,0.11779614887391986,0.28004181175763576,82.7411429912574,11.785278413424868
665155,Nick Maton,112,69.61662641898864,6.8701351909184725,21.0681495497836,0.07362229102167182,0.19091593946616436,83.63025362318841,15.978260869565219
665161,Jeremy Peña,892,71.30116709087953,7.604680106165978,11.568421697352766,0.14099751071419406,0.2844079862315481,82.26223225024636,6.384546958166012
665487,Fernando Tatís,1162,72.23820169133744,7.398033792711703,9.869124873302665,0.1018373300413153,0.2961533654681487,85.34433786222532,8.498601191099315
665489,Vladimir Guerrero,1137,75.84797334535116,7.7610289618489645,3.0075501344478557,0.15309564298153375,0.36072835735143877,85.27005217694658,11.515654715654717
665561,Rafael Marchán,196,64.1049537037037,7.564089506172839,12.476511428675687,0.08765432098765431,0.19565787234042553,81.83507326007326,12.8992673992674
665742,Juan Soto,1010,70.58318804864855,7.109399357746498,11.840495159640282,0.1425265616389568,0.39301423515329265,86.60270890359386,12.3833051594641
665750,Leody Taveras,334,69.52709311262193,7.6125858705291165,8.792860139682354,0.0797753473248596,0.21414207903292762,78.46400167084379,26.768999613461514
665804,Miguel Amaya,196,70.63461885900911,7.714996873045654,11.378740414368037,0.11569036203182544,0.27489381859520834,82.70694444444445,17.755555555555556
665828,Oswaldo Cabrera,208,68.52941432285945,7.444849117410093,9.968356459647206,0.1268219438951146,0.2355057379727191,80.78212560386474,9.939540330844677
665833,Oneil Cruz,888,77.0318359855769,7.814900176867311,9.62775067662282,0.09630342143359445,0.31218931065462824,85.78837843160424,11.988253221638374
665839,Enmanuel Valdez,157,69.53409546978942,7.527641706525922,9.473109458368894,0.09490626202649953,0.2622349678064883,84.6593398227201,18.139648703028985
665861,Sebastián Rivero,77,69.1782543859649,7.792482456140352,13.700747160228714,0.09675438596491227,0.16759880658436213,84.58787878787878,9.74747474747475
665862,Jazz Chisholm,1017,72.30615433673469,7.878771501316145,16.153561125635516,0.10329576177790463,0.30023364578987694,82.25330206798749,13.063103797156652
665877,José Fermín,94,67.33294891016031,7.383952254641909,11.010454895212492,0.15857455887440894,0.2973187336326225,82.4587145969499,22.257080610021788
665923,Esteury Ruiz,45,68.30114522417153,7.600560428849903,13.317178585974432,0.11939571150097465,0.2034575892857143,79.10833333333333,11.361111111111112
665926,Andrés Giménez,836,68.24600321610126,7.150359217761179,9.797319525770858,0.09718331777155308,0.2673024220609685,80.59721115391402,13.785069791605403
665953,Andrés Chaparro,140,72.08531403940886,7.350677339901478,10.139972517927442,0.0808588761174968,0.22642078904428906,83.50079365079365,10.459523809523809
665966,Carlos Narváez,896,71.27985637335502,7.787885633252977,11.480885920052799,0.11203942325158751,0.25847423179763723,82.71174725164327,13.588990905785662
666018,Jonathan Aranda,801,69.52486716727894,7.442555449300875,11.492820485339564,0.14527474184177133,0.361657198809777,83.6907777055747,20.474688201320305
666023,Freddy Fermin,709,68.02845452904567,7.431114655600161,10.569581109601321,0.1117973393581545,0.2521778447906668,81.56252503169289,19.487513616557735
666126,Carlos Cortes,168,69.38858269451053,7.240959831262667,10.744137418100266,0.11324510970129527,0.28460626687699886,84.2218500486855,13.603591907389374
666134,Nolan Jones,764,71.46392591608125,7.078764546200209,11.117864277587358,0.0934303195725676,0.24911164406070507,82.24283180277573,14.628682977615824
666139,Josh Lowe,959,70.78685441451007,7.427250002385246,8.194382082096032,0.09251461220299247,0.26767258217223194,80.56744341605997,16.712578410516553
666149,Tyler Fitzgerald,455,67.50587410826456,7.5650081356157335,15.602971940233436,0.08274557660484706,0.17967640933229134,76.63652932837142,14.543234981392876
666150,Dominic Fletcher,65,68.32687172476646,6.894486215538848,7.712287511062105,0.0683982683982684,0.266760794044665,81.46200135226503,23.362745098039216
666152,David Hamilton,303,68.3270272104628,7.370812713757499,8.428796595837587,0.08587481593616564,0.23761331250912454,80.19904255595368,16.547777777777778
666158,Gavin Lux,870,67.53632038526455,7.524984388817603,12.71288656861166,0.13622002437320976,0.2710142231536676,81.15463492266161,9.539717504446378
666160,Mickey Moniak,883,72.34842354755666,7.824148379999773,13.663419542899733,0.12645301035393916,0.31680277177747734,84.07433887914999,16.392084570660085
666163,Ben Rortvedt,233,67.57756019990914,7.214648896966025,13.12481540782146,0.07076833762431219,0.16884863583200427,77.30561455260569,12.541937069813175
666165,Blake Sabol,44,69.58453227931489,7.250632411067194,10.33492334343547,0.06363636363636364,0.231211877394636,75.59777777777778,18.392063492063492
666176,Jo Adell,1132,75.59325484484363,7.93876292969751,10.860756064422972,0.09827783846475435,0.345088171243487,83.8070070296424,13.591325155439987
666181,Will Benson,467,70.37500140594081,7.60759425474198,15.682285652254437,0.09747726570214428,0.325318856307344,83.3182537086596,13.506768097267653
666182,Bo Bichette,1189,68.33407810927486,7.483063776771368,7.448746427337389,0.13516142274484877,0.31494800980252063,82.965956312638,16.031674461129636
666185,Dylan Carlson,437,65.66541528406235,7.009398190045249,11.934085889941267,0.09707893413775766,0.23466521651031605,79.2002351710942,14.78497530369777
666211,Taylor Trammell,240,72.23108359667283,8.03879172569104,14.125282639061922,0.06833660237550397,0.1875869957842763,82.63250825082508,10.06925192519252
666310,Bo Naylor,783,71.02182064561086,7.885107911959995,14.544322801841744,0.08401830009462835,0.2430189870912494,83.10300677453438,21.05674780915287
666397,Edouard Julien,344,68.86568577375182,7.054087872835853,14.456322629425907,0.11946159844693195,0.31661595167902834,82.2261063565211,9.143847522030883
666464,Jerar Encarnacion,85,73.58180555555555,7.744166666666667,10.650803233062645,0.10277777777777777,0.30914361001317525,83.99418767507002,10.857142857142858
666624,Christopher Morel,607,73.73646395743522,8.312734770656759,15.58754839299111,0.09806066827472433,0.2953127765011376,83.30842660162033,13.541214784343056
666915,Bobby Dalbec,31,70.01,7.268809523809523,11.707134337968014,0.07380952380952381,0.143125,80.41666666666667,16.791666666666664
666969,Adolis García,1095,70.89771213363395,7.728891465122634,10.682063916921757,0.08992550272141377,0.26019121512412174,82.41414081754766,16.363579062378747
666971,Lourdes Gurriel,1015,69.21542748502925,7.603827772816152,11.751514260378348,0.11244618486895079,0.27486117436603424,81.09435109844593,13.401209565002668
667472,Dane Myers,512,70.08638927558006,7.402059494262313,12.659583059688728,0.11124969099351223,0.31451238311314045,84.48773798591981,14.765042196860378
667670,Brent Rooker,1234,71.89330006668582,7.245356631254698,14.38744331280615,0.11548795724440386,0.3131759634461459,83.84152855982855,14.52592040719886
668227,Randy Arozarena,1295,70.29359421428038,7.550006298064173,9.686380287571282,0.10713321638142641,0.25623947991729834,82.63256558089766,12.3932538579532
668670,Jake Rogers,248,69.13947437023046,7.614794634754571,17.046884078862544,0.08996180681083181,0.2261315409030513,81.14063265306123,17.765710244493835
668709,Jj Bleday,568,69.84503445100765,7.532630208775135,15.80264124848135,0.09465203534217985,0.22084497658892777,82.20741001322423,17.212677700636416
668715,Spencer Steer,1096,69.55382668919513,7.577663850608093,14.403065492616141,0.12099107661439357,0.2530709175886681,80.9783047357584,17.258952571871156
668723,Ryan Vilade,26,72.76374999999999,7.110625000000001,-0.1040369934687777,0.03125,0.125625,80.10833333333333,24.916666666666664
668731,Akil Baddoo,32,69.95863636363636,7.78090909090909,15.61802565071783,0.07272727272727272,0.28705681818181816,84.84833333333333,6.783333333333332
668800,Andrew Knizner,149,67.67255744602785,7.139359555342178,9.737721167744093,0.09532898511692174,0.19332403412903842,78.0652380952381,20.218709341660162
668804,Bryan Reynolds,1255,70.56712658556212,7.00080572496453,13.444620294072179,0.10451898439319823,0.29337390138592645,83.84830882445017,6.984232117398135
668845,Aaron Schunk,62,66.34687848383501,6.438182831661092,4.8420234864458145,0.08193979933110368,0.24287210338680928,79.672875,25.02625
668885,Austin Martin,262,66.911823415568,7.026115617598356,12.035100813718023,0.1206131617374779,0.24617256129281992,76.32555873413195,9.321684347497865
668901,Mark Vientos,865,69.72660035673222,7.636973082932869,15.272799078249456,0.09664191816451612,0.26945634813430874,83.34599838675062,10.198290485625114
668904,Royce Lewis,752,71.56053997923156,8.139543671397254,11.70011177125937,0.1268316603207569,0.268034440097852,82.74152013534564,17.029725084758642
668930,Brice Turang,1242,69.13197051812121,7.00200172671594,9.45036920822721,0.1262585870195659,0.29172871088466135,82.56704580702338,13.526608791511643
668939,Adley Rutschman,577,68.02855234596761,6.979711963515604,9.925568199979704,0.10840117656781541,0.27444385560768164,82.5881199581852,15.849127222573616
668942,Josh Rojas,345,66.0055420784666,7.369263751622242,11.789364176556765,0.09232305081361684,0.23379390027813027,81.94118708850085,10.846397087931718
668952,Ryan Kreidler,86,68.25938196260778,7.795800639349026,18.2490301752414,0.03952339436210404,0.18609499358666023,82.72837528604119,8.816679379608443
668974,Maverick Handley,82,64.00477545857052,6.531214421252372,7.22379399030187,0.04206198608475648,0.15819974747474747,79.57867647058823,12.961397058823529
669003,Garrett Mitchell,128,74.01421726755218,7.494253636938647,10.1797227065617,0.08936590765338392,0.19875169785169786,81.2573754789272,10.241060025542785
669004,Mj Melendez,116,69.55570707070707,7.918131313131313,12.89559574954682,0.03181818181818182,0.15440015926602135,82.10445945945946,19.770120120120122
669016,Brandon Marsh,775,70.14827564797928,7.299506912904751,11.0272899470749,0.14425659701112978,0.3177499936086355,82.71964942844917,10.945016504676326
669065,Kyle Stowers,900,73.43373016942932,6.915025563250931,13.681991022311914,0.12936748132794842,0.34591827642131023,84.64855237575436,14.527294436971209
669087,Sam Huff,104,72.56098943494777,7.686314399335234,13.99591835775034,0.12572708926875595,0.28431571298940095,82.73035230352303,4.0257452574525745
669127,Shea Langeliers,978,72.97471674955884,7.330566104200476,12.610501929714173,0.13487076957860547,0.30808559174646216,83.70706445831453,15.969633993924297
669134,Luis Campusano,42,70.7936274509804,8.27351684263449,11.161780371450869,0.0,0.07475555555555556,77.11898989898991,3.577777777777778
669200,Mason Mccoy,30,66.20694444444445,7.5625,8.275216647962589,0.06944444444444445,0.22238596491228074,75.15384615384616,29.5
669208,Ryan Bliss,64,69.0757671957672,6.9177513227513225,13.599636513527486,0.1156084656084656,0.23751180432894028,80.00206349206348,9.860317460317459
669221,Sean Murphy,634,70.27744570676154,8.014054697674373,14.271530853138373,0.08074530997829302,0.2718830160239021,81.85054940842417,9.387237104030273
669224,Austin Wells,927,71.68686882396958,7.721076800009242,11.746506966285596,0.09432430906110861,0.26270319021524585,82.16202457578213,22.4247004088538
669234,Justyn-Henry Malloy,220,68.34019962839093,7.193815533259012,16.63241955164469,0.08280044593088072,0.20072939859564864,82.07428571428572,19.8863978127136
669236,Jeremiah Jackson,351,70.2987214955719,7.551899058355752,13.871167903162442,0.10314869684948426,0.2217028715319305,83.38642653642654,16.80234201494044
669242,Tommy Edman,733,69.68573304828004,7.014606054972596,10.296326723482997,0.11496633066181938,0.294095862174315,83.64921326495046,9.657359008724903
669257,Will Smith,807,68.05849718478551,7.439613902471954,13.191280848252026,0.14918188713530703,0.33149814956988893,84.17403374336224,21.66245139972334
669261,Jack Suwinski,299,71.08248471105614,7.5077636913351204,14.611785701354746,0.05774754346182918,0.26210820990944117,84.2534260330313,18.07020610967979
669288,Daniel Johnson,102,71.5749726626572,7.639256424275561,13.56197706608773,0.06105339894295608,0.16648117456964526,78.61263736263736,11.462759462759463
669289,Santiago Espinal,545,67.44576789935833,7.564752195204323,8.44539658007041,0.1327676460655184,0.22907711764899266,81.24846130088856,18.626345883579656
669304,José Miranda,57,68.91496163682865,7.576023017902813,10.092882063748597,0.08759590792838876,0.20143336397058825,80.27321428571429,15.855952380952381
669326,Bryce Teodosio,308,67.59631278043132,6.891171740563838,13.589265729041317,0.07764429648928128,0.17370065183440309,74.83198967871864,10.350014160294533
669357,Nolan Gorman,753,70.9194887728717,7.729542997204471,17.385962560566885,0.09625408545659649,0.249818804087354,81.65282231493997,18.344769602378296
669364,Xavier Edwards,1024,65.32819703651188,6.557935257001064,4.4399754871104955,0.13188977903816615,0.2634172403319045,77.93790534831984,17.039256629004594
669369,Bryce Johnson,123,66.81654656862746,7.4938125,10.581431565030426,0.1961151960784314,0.2966098172219996,81.43253165775916,10.220376522702104
669374,Keston Hiura,26,71.57307692307693,6.823076923076924,11.827967220549397,0.07692307692307693,0.1291,76.05,27.5
669394,Jake Burger,709,73.53005968570528,7.539923005719149,8.86825993031569,0.11246553832738578,0.31824316316208423,85.02487308627373,16.811691542288557
669397,Nick Allen,700,63.03752146451032,6.495685440874681,9.24779037409478,0.0901746200457902,0.21765305776088262,77.59885904940643,15.410280471275152
669398,Gage Workman,25,70.34805194805195,7.367857142857144,26.16418754686135,0.03571428571428571,0.17783333333333332,90.885,32.2
669450,Cooper Hummel,185,70.14656122311483,7.436047233245463,14.021682020385418,0.05708868759216348,0.24576873023111054,83.77814935064934,12.582034632034633
669477,Casey Schmitt,651,70.7725151464228,7.621569175044853,12.489921164918755,0.09202313249865805,0.2856319002514242,82.02368499191962,18.26080768546522
669701,Josh Smith,990,68.03461179233737,6.830964928954779,9.350300967978287,0.11404908065191123,0.2723567539511556,81.95789351195755,14.8861454790707
669707,Jared Triolo,643,69.68585317642054,7.970131783312207,11.265277433116845,0.09786219605039094,0.24395514518635042,81.1547848172848,13.900819000819
669717,Will Wilson,190,71.07951080488569,7.435535233322894,15.74908083016247,0.08201899989560496,0.18093029063255817,79.06816864295126,16.24606938954765
669720,Austin Hays,797,70.67023943135054,7.135687484870491,14.928254418363457,0.11500077022952841,0.260002500916297,82.58903933811256,11.214325100409745
669722,Logan Davidson,88,71.25216230537214,7.444010352979539,16.016984919557828,0.08832640417379962,0.14483327067669172,76.65908408408409,-3.9532032032032025
669743,Alex Call,487,64.53433358793274,6.770885849126334,9.260857167626222,0.1602923488026735,0.26937804837746726,80.15579158022288,14.578561566095303
669911,Michael Toglia,649,71.25647406992682,7.869700875767556,17.833751972507546,0.0803468496049436,0.22499161738422813,83.65105537757437,15.905157914549216
670032,Nicky Lopez,42,65.2371875,6.6375,7.191184320556158,0.015625,0.17851282051282052,73.6079365079365,-6.058201058201059
670042,Luke Raley,443,72.11756138160632,7.203829427958642,15.923761338711396,0.07872211018278434,0.2304344512694486,83.91824501301214,14.361899953721235
670092,Trenton Brooks,90,64.20567226890756,7.309348739495799,15.777072001952748,0.09033613445378151,0.32004711106879213,79.15858585858585,9.728956228956228
670097,Zack Short,94,68.50100089968511,7.198954116059379,15.404121517297616,0.11634053081421503,0.20849533187803007,75.69253968253969,12.549206349206349
670156,Miles Mastrobuoni,243,66.34897792022792,6.7557264957264955,9.153776414330762,0.11748575498575498,0.23714039812757268,79.07759371948013,7.287275829872179
670223,Matt Mervis,286,71.84009431639087,8.376032090009632,20.005765459752368,0.07248982138166536,0.1893931082771291,81.93439280933258,18.132434499904377
670224,Kameron Misner,414,71.1973721810182,7.97741994274774,13.852360876917464,0.08734665232840531,0.20110896780191412,80.48075877192981,11.893157894736843
670231,John Rave,294,71.82304166257069,7.375906487681088,11.315351282846587,0.07167068983721633,0.23815162240793777,82.42916821933055,10.651040657435148
670242,Matt Wallner,761,74.5986825975648,7.577805198123287,13.891722451419179,0.08770187826140814,0.28588774878042555,84.08826856803329,16.631770389315147
670541,Yordan Álvarez,345,75.25546890962649,7.941336216440736,12.93639492212012,0.1292078021039965,0.38470139453025554,86.00404980868906,25.138838688188887
670623,Isaac Paredes,716,67.60739809656103,8.05678579097737,15.902221418494335,0.10451622184307785,0.23916070900395492,81.55538876705792,21.53678503659528
670764,Taylor Walls,539,67.25981858110083,7.139483148927013,11.472843793872267,0.11465829533520006,0.2370663304353895,79.74386965524435,11.361715213961155
670770,Tj Friedl,999,69.17339158756748,6.8658645608997375,10.855704684804914,0.13076918986466726,0.23191306976905154,81.41026810496214,10.809210008353416
671056,Iván Herrera,769,73.17900758618345,7.922886822168556,9.813491218623593,0.11335458901785368,0.3163400812745236,84.5495738958373,7.73047871138916
671083,Buddy Kennedy,46,68.27843822843823,6.787645687645687,8.02483007311805,0.0,0.1028357142857143,79.73392857142858,30.232142857142858
671213,Triston Casas,209,73.16218706431472,8.039505364611747,15.84060764162472,0.0819300478874947,0.2685967612049642,83.93243657183753,18.534285203077474
671218,Heliot Ramos,1235,73.28902464235507,6.988658516157897,7.722830934470642,0.111185911276873,0.2605023572841592,84.69616650693247,17.410146684902404
671221,Drew Waters,433,70.13215956896171,6.6181867538874934,9.331295057978489,0.1019195189639223,0.2423257005605717,78.97838779956429,6.289843816314405
671277,Luis García,960,70.97091964825479,7.454564585271235,10.957215813696743,0.12500451643688354,0.32259447862483,83.14838104733418,13.39064552374622
671284,Tim Elko,140,73.35033545401967,8.062735042735042,12.26335920657102,0.07025255446308078,0.23937880407036108,81.76028722600152,12.968757873519777
671286,Johnathan Rodríguez,139,75.60975408606987,8.200434847803267,9.076023779955868,0.09876293297345928,0.27172917151369447,86.0641616590079,7.722981366459627
671289,Tyler Freeman,705,70.38957029666483,7.154492353049567,6.00900638928417,0.1316159941035563,0.27350992992726236,83.48602578351756,12.254445274044576
671655,George Valera,99,71.1127116631036,6.8087549628423085,7.09596731606261,0.10350990306197473,0.2378922816461461,84.96771771771772,2.4922422422422428
671732,Lawrence Butler,1138,72.31845910293525,7.274114298152263,8.825196813965759,0.10486569925113537,0.28165897096000764,82.68255279908384,14.018937372566215
671739,Michael Harris,1179,73.29892925742992,8.222150825312395,8.463262533817455,0.11932149189463019,0.2963207713740264,83.72588990836256,9.401463613493403
672016,Denzel Clarke,281,73.13202418188546,7.819783994215181,5.579682141456128,0.12125135932017177,0.25269571145074976,82.3435985060691,2.1686367880485538
672275,Patrick Bailey,829,70.11225197734169,7.372647099669776,9.505127353132655,0.10457636043998964,0.23673517762392884,80.86473669335527,14.746052808103167
672279,Michael Siani,25,69.03860294117646,7.218014705882353,9.893182380749458,0.1213235294117647,0.30095238095238097,81.275,3.625000000000001
672284,Jarred Kelenic,128,72.15789855072464,7.5379565217391304,16.352593307685787,0.08981884057971014,0.2438015136616992,83.0795177045177,5.747863247863248
672356,Gabriel Arias,1012,73.72420466718569,7.783775000740296,11.763186059210442,0.08791443350412093,0.2474611580100643,81.67554986181483,7.057947566405649
672386,Alejandro Kirk,1056,71.86387986431389,7.310777920306838,9.376321062016808,0.14233805006135805,0.3568412325388612,85.00383803632022,16.099814879409436
672515,Gabriel Moreno,567,69.86651234665855,7.065487287387882,10.578539379106354,0.13493115562191918,0.3055546802410512,83.37921637034553,14.500245264970879
672569,Gustavo Campero,121,67.91132852332852,6.9726406926406925,13.307182405045033,0.055180375180375184,0.254398313307,81.41728778467909,9.345065562456867
672580,Maikel García,977,70.47285523237205,7.441536403103348,6.15700843029056,0.16299031074375395,0.309565557527873,84.63708226621019,11.800051358831269
672640,Otto Lopez,961,70.18849356591173,6.920094702678804,8.741990221445326,0.125926428327405,0.28410837302120817,80.98262547594324,9.424887504326756
672695,Geraldo Perdomo,1121,67.11686855492957,6.9601935659789795,7.655120887878607,0.1404189545844525,0.3020810440294606,82.41968068287377,17.01574752687355
672724,Oswald Peraza,517,72.20471547919294,7.872829707860446,9.091147905309242,0.08109499789827658,0.21136156605128745,79.05121661035548,6.05044615784458
672744,Alexander Canario,470,74.33395799616439,8.271247892252811,16.405500282895385,0.08234583435719713,0.23949085563369724,81.40063655856339,10.917160617160619
672761,Wenceel Pérez,782,69.34935532546196,7.101333729939298,9.012540616316054,0.10738917641958357,0.27736882261593426,83.21841746185521,19.242569107364258
672820,Lenyn Sosa,1026,71.7567925008446,7.5369880292590485,11.834140883660657,0.13754951565646997,0.3196535556587573,83.19338869727898,18.144193240687546
673237,Yainer Diaz,1076,70.86758517621031,7.468711449525173,11.823266414540015,0.11637779555337562,0.29355226866289086,82.58611349731717,12.004114722805461
673357,Luis Robert,798,73.73359037061836,7.955794665773909,13.99591096704956,0.1062647521977954,0.3045062534463618,83.62825157933854,17.337954454542658
673490,Ha-Seong Kim,303,69.22119585687382,7.150561833019459,6.2074151508115385,0.1339296924042687,0.27788606492891127,83.79450334030636,17.504229180256576
673548,Seiya Suzuki,1118,71.36119986986142,7.332241999714275,9.382197181458137,0.13172261732561877,0.33269311477178903,84.25806199875126,20.619746503018877
673962,Josh Jung,961,69.46004353052079,7.152578540560843,13.688596413851412,0.12429786899313784,0.2911833235914683,82.40060722488062,15.551323155433055
676044,Bob Seymour,148,73.21761022473838,7.621279214009529,14.423843054558082,0.0848905340670652,0.20349522346934112,80.82162975912975,14.28583916083916
676059,Jordan Westburg,617,68.67741140299529,6.928921485146689,12.613725557507685,0.12140216842324685,0.27794128760124664,81.98950920487692,14.206411536703847
676070,Jacob Amaya,98,65.92201783723522,7.164046822742475,9.052678690455137,0.03500557413600892,0.19534757834757835,80.86367521367522,10.948290598290598
676116,Ryan Noda,98,69.55581797235023,7.651190476190476,20.950778969433443,0.07622887864823348,0.310268605870021,86.90038314176245,27.38107869142352
676356,Jonny Deluca,109,69.34389880952381,7.760813492063492,7.927993016003259,0.14831349206349206,0.25144129410475563,83.4318376068376,6.632051282051282
676391,Ernie Clement,1049,66.007181873161,7.169950763234639,12.831577515435148,0.1472516713773896,0.2668562450572171,80.36059143589931,17.631030331877792
676439,Hunter Feduccia,198,67.63027926322044,7.256556743909685,13.624361363012087,0.038131313131313134,0.17366624458999266,77.25191729323309,16.432957393483708
676466,Jack Winkler,31,71.73722826086956,6.970652173913043,9.867375134733706,0.10597826086956522,0.4240089285714286,80.12625,14.3125
676475,Alec Burleson,924,70.86496266316423,7.602930288561612,11.012232752333697,0.16071926075672796,0.31301931103842495,84.37644641883732,14.247196395454488
676480,José Barrero,67,72.59263241736359,7.432497013142175,12.266956235995309,0.04460374352847471,0.18705706574127623,77.27535014005602,20.121909633418586
676572,Eric Wagaman,855,71.44836561920845,7.30798039255954,8.88038874270403,0.12890753393621007,0.2688240186438746,83.2993096572958,12.817666098812678
676609,José Caballero,628,67.6835691812947,6.981350364539797,12.556106688427143,0.10919708368161977,0.28369202930059473,80.12329537601975,17.55250456044514
676679,Luis Vázquez,100,70.96510963793982,7.5141441441441446,10.817614213670053,0.05490396056433792,0.21604809960225746,80.53180672268908,11.640896358543417
676694,Jake Meyers,574,66.66503136516899,7.148835568101624,9.740730330108434,0.1284521289108445,0.2651579772174783,80.8300856044724,11.526851851851852
676701,Alan Trejo,76,65.46167861409798,6.982108721624851,16.61638211854532,0.05854241338112306,0.19384305161144919,81.24711375212225,17.674872665534803
676724,Jared Young,89,71.68997635933806,7.496721828211189,11.708930165519073,0.09750459679537693,0.24642111834487243,85.01039624183007,10.338848039215685
676801,Chas Mccormick,217,69.76463541666668,7.95953125,22.93518865068208,0.06510416666666667,0.2679591694159434,81.96101674641147,17.183373205741628
676812,Carson Mccusker,56,73.37608136721114,7.813475499092559,16.448877741441013,0.09974289171203872,0.25396628186628184,76.22083333333333,10.916666666666666
676914,Davis Schneider,436,69.67264734198652,7.284652770528123,22.828230009937172,0.10165756110009162,0.23913246170204652,82.74383267320677,13.738447223151555
677008,Heston Kjerstad,337,68.39529628912136,7.0967332501040365,13.98381145477041,0.07778172399443224,0.24576526898567308,80.54616422299505,12.931103807491974
677347,Kyren Paris,244,71.45120675105484,7.678937311633515,17.80176504935018,0.06830620855937311,0.1767964049421352,77.74615126050419,10.940952380952382
677587,Brayan Rocchio,700,68.54978332413658,7.439370185160158,12.386723855012582,0.1016147674744593,0.2476610501637777,79.93467790475016,9.1009159860251
677588,José Tena,292,70.23869798034723,6.8992424599594955,4.962738951203722,0.11018511824874722,0.2617163290591345,80.55632188394485,2.101027842831121
677592,Everson Pereira,135,72.63001559114213,8.12465778764336,16.993247346785484,0.06718725225939433,0.231553496120108,87.17824074074075,12.546296296296296
677594,Julio Rodríguez,1423,75.39917633177075,7.795439898821047,8.701622997407364,0.12155953579324597,0.3301451486393773,84.34970812789874,11.370192390958252
677595,Ronny Mauricio,356,72.79342712568899,7.697648685280565,8.259011302971368,0.1082208367217855,0.24864213076390573,82.57550274437077,13.151980068187777
677649,Ezequiel Duran,408,70.22608469266464,7.223718468538714,7.13746455703718,0.09476267582937403,0.24116772967665934,80.83881379902272,17.791790290226828
677800,Wilyer Abreu,830,72.5420198807157,7.323062566222252,11.389194622773571,0.1242466856113788,0.3265868315708575,84.21685914714958,24.284049394825406
677870,Leo Jimenez,58,69.35731060606061,7.265940656565657,6.448544523751283,0.04071969696969697,0.20682511446886445,82.1190476190476,13.107142857142856
677942,Blaze Alexander,459,71.59103282512693,7.594091842364709,11.039123244467413,0.12283990090154202,0.26754207604228775,81.97155534039574,7.782832003181518
677943,Will Banfield,25,69.36923076923077,6.85,6.180405088716212,0.041666666666666664,0.2971666666666667,77.14375000000001,27.375
677950,Alek Thomas,841,69.3071431583386,7.087759112500154,10.564843802367951,0.11522884085112012,0.25926262700657676,81.87106133084177,4.024430978585147
677951,Bobby Witt,1217,73.13143807805098,7.183155751058977,6.270308748800378,0.15075444268992658,0.3359671515078668,85.11378180992135,21.450815049895425
677956,Rece Hinds,91,74.3012962962963,7.929074074074074,13.120067435740689,0.044444444444444446,0.2097196727600704,78.76992753623188,13.723429951690823
678009,Parker Meadows,419,67.95451819635588,7.387791023238784,8.55134328988814,0.10804809825332214,0.2390949731798007,78.61871590630888,17.491982665222103
678011,Anthony Seigler,106,65.03636991028296,6.819461697722567,15.021219155837471,0.10110420979986197,0.2904742215782512,82.91666666666667,20.64027777777778
678225,Ji Hwan Bae,31,67.08709677419354,6.151612903225806,0.3185433603588615,0.0,0.066,82.6875,30.75
678246,Miguel Vargas,1030,68.12266443989961,7.718657191437219,13.493223489627091,0.10808741546652782,0.2792481716356002,81.32982939567147,21.964196948246027
678391,Jorbit Vivas,122,69.4561809868875,7.771667960662526,4.902375396180081,0.07673395445134575,0.2677884937569148,81.01541666666667,17.11111111111111
678489,Jorge Barrosa,149,67.23015882987299,7.909343426411618,16.017397456623666,0.046846262036135455,0.16950070295859768,81.10814780652105,5.586516288625215
678554,Curtis Mead,473,71.37339377324177,7.372368446185661,6.9153504893539575,0.10207930576541635,0.26100104984929756,81.23261636430273,15.277598334768877
678662,Ezequiel Tovar,852,70.87246994862751,7.631519053008866,12.390667175728767,0.09887636382779906,0.28301810366148733,81.6324618835271,16.018213622126666
678877,Jhonkensy Noel,343,76.15069020447741,7.799313151978178,9.182758438079526,0.06689788916237786,0.1919047230449642,83.61699456975772,17.86549707602339
678882,Ceddanne Rafaela,1239,69.73104434531855,7.562001921751704,12.878627637675415,0.1075152678554916,0.2721403126938196,81.76343542338459,13.395399604321867
678894,Liover Peguero,135,72.79882422104644,7.7665049970605535,10.508770109797796,0.09656084656084656,0.19337652185889986,84.60175141242938,4.0055555555555555
679032,Johan Rojas,286,69.3096097558655,7.351631052072592,6.661438842939707,0.10324545347505432,0.23357137505110903,80.0211908393471,9.25459664139747
679529,Spencer Torkelson,1218,71.60827300791685,7.91782652662438,15.67671654918765,0.10270661721366858,0.2758334038236409,83.5735189183812,20.407872369683776
679845,Nick Loftin,299,67.55268947877431,7.360465870915199,10.618534194116744,0.10301503274627573,0.24888748824769066,83.2815234040636,15.100756859035007
680474,Max Schuemann,350,67.69430902977331,6.859500250082999,9.75290440836577,0.10080251938034894,0.23328634417737515,80.96300362111683,16.2281288476257
680574,Matt Mclain,972,68.47893765289156,7.013293354864004,12.941968920656839,0.10057731646573369,0.239780859441706,81.65870902511706,19.0025598799041
680577,Dashawn Keirsey,171,67.62924731182795,6.92405017921147,8.161846268004611,0.05689964157706093,0.18479399245302022,80.31712121212121,4.9795454545454545
680700,Richie Palacios,70,67.63699494949495,7.247685185185186,8.15520962377281,0.25547138047138046,0.3738402522555841,86.8748717948718,7.809401709401709
680718,Addison Barger,1036,74.46720921752981,7.734277723820428,11.051208092897344,0.18750592681125539,0.3383089882076662,86.49101833259283,14.46559765768062
680728,Adrian Del Castillo,244,71.16351154102348,7.269320571114136,17.28482128349373,0.10350623147692277,0.22863627289577806,82.353605414274,11.644613070823079
680737,Michael Helman,208,68.38559027777778,7.95625,13.563688371255756,0.09288194444444443,0.22042712762796035,77.46701547683642,14.386512673436167
680757,Steven Kwan,1069,62.813535261288685,6.444598748520209,4.2916355082399225,0.1259160042843452,0.27927786870952925,79.51206420790662,18.719723402799065
680769,Cj Alexander,30,72.405,7.8625,11.835734365976778,0.15,0.24775,79.29722222222222,15.333333333333334
680776,Jarren Duran,1217,73.44129773809937,7.65039580377637,6.934150694639496,0.12809478221084158,0.27421839676649196,83.5427834895209,13.711472738383542
680777,Ryan Jeffers,701,70.32603333978739,7.471698983025843,11.609504766875686,0.140332214631028,0.27571845861620464,81.42989818085563,15.782974463825527
680779,Henry Davis,569,72.23807624890446,7.49835394553186,10.082929149064288,0.059389099879897427,0.2472449813530786,82.17344576719576,24.88383597883598
680837,Ryan Fitzgerald,77,67.41003174603175,7.5217777777777775,16.417656690882307,0.133015873015873,0.2682345045939593,80.61979166666667,3.3819444444444446
680862,Willie Maciver,205,68.43397833207358,7.631146384479718,12.154462030939868,0.08858654572940287,0.22223541385624554,82.62704826038159,8.090751964085298
680869,Zack Gelof,202,71.0340576759966,7.51365951775112,22.672446650931875,0.05623409669211196,0.14287218551195427,82.23992270531402,6.523574879227053
680911,Owen Miller,28,68.81833333333333,6.567222222222223,7.354413944533321,0.027777777777777776,0.11671428571428571,76.33333333333334,19.97222222222222
680977,Brendan Donovan,804,68.4990150840759,6.943493988722204,9.204795755320466,0.15685557510998147,0.3316201337046794,84.01908552422738,11.053661771453028
681082,Bryson Stott,991,67.9856990249822,7.2943355500545275,8.710165353833974,0.13173852342779946,0.2747227665097696,82.03216122409378,17.715202725494166
681146,Jonah Bride,164,65.93036111487206,7.377158726781558,16.88175615280227,0.05624004693655183,0.14050665298862694,79.77710170487948,7.48941798941799
681297,Colton Cowser,600,71.43402457757297,7.4401740911418335,17.88593071239946,0.08872503840245775,0.25561327112271587,81.9302338506263,11.696472595279829
681351,Logan O'Hoppe,880,70.82653154308765,7.714165444354592,17.057424639925177,0.09723339189277118,0.2851470824532107,85.23493340466995,14.818187354281937
681393,Connor Norby,635,67.9101402906589,7.1015781909842195,21.672098895250496,0.09195863894445455,0.2379476911794447,80.1097964137499,11.77023069581209
681460,Brooks Baldwin,634,69.44762373317097,7.265266220147487,12.569587714840486,0.10903917190988431,0.290217856530391,82.12140908624971,15.768887321248144
681481,Kerry Carpenter,980,70.20994295715708,7.612130015938035,18.033351585703944,0.11521172325991036,0.30818325388512996,84.24500035671589,16.674187966928475
681508,Mickey Gasper,171,68.76756022547565,6.652786913874902,10.691514049667637,0.07057271201404856,0.15721448315016656,83.0200548245614,13.460745614035089
681546,James Outman,272,70.58922923399221,7.814152078087723,18.171815076529747,0.05806683981310758,0.2344087294900696,80.99262884872824,16.04869970076384
681624,Andy Pages,1331,70.97946960290635,8.047666614931824,9.845993718419457,0.12208081365493244,0.2980543076287949,82.03461657816166,20.638356548398264
681715,Heriberto Hernandez,504,71.18446412378397,7.830069818307694,17.020655852687554,0.12202768538305388,0.30485218832885713,84.93848946986202,11.222823944392571
681807,David Fry,320,68.1818142762723,8.046741205845635,15.913730731131023,0.08012288560867543,0.17939132935643828,81.143506006006,21.486674174174173
681962,Vinny Capra,155,67.13107926556202,7.354571044718828,12.863795058854896,0.06406073401147293,0.17229023087657955,79.97391374058041,7.341269841269842
681987,Nate Eaton,162,71.57129351990672,7.374160355719575,7.035326283803355,0.13515998411050886,0.25691584437203757,79.89904761904762,6.3238095238095235
682177,Daniel Schneemann,733,69.00641326934098,7.078790804995159,14.972118595222176,0.10080598770313783,0.261317300828159,81.19901537844008,12.183644404690916
682183,Drew Avans,39,66.80444444444444,6.357222222222222,3.741054358480119,0.03333333333333333,0.1509125,75.35434782608695,13.23913043478261
682622,Noelvi Marte,648,72.3874888256505,7.516961489769758,11.081547049966707,0.12876998487477417,0.2797476898263375,83.21256041457609,12.957591835811321
682626,Francisco Álvarez,492,73.41955356114772,7.372382394028075,9.095176937947167,0.12775181571497782,0.29429572300976287,87.95329427666279,10.95913887716336
682641,Luis Matos,346,70.1693564337961,7.410044409613374,8.42984526717631,0.0965162710852366,0.2443041702111229,82.59389409772348,13.14487936196933
682653,Warming Bernabel,277,68.01172111826328,7.71870423322738,6.142733990050625,0.10134299712325352,0.23156653008054326,80.00382176912153,12.532132874114007
682657,Angel Martínez,913,68.933110951182,7.483749476154171,12.938981543884802,0.10099361134356426,0.21754517094673945,81.03251393835188,17.973764126367353
682663,Agustín Ramírez,1028,74.23502418633997,7.6354455486034425,8.339455759464984,0.11594837910627383,0.320596919753204,84.8306296311868,10.332408287202485
682668,Luisangel Acuña,316,69.11335787784385,7.40276007740961,5.48881169306473,0.13385018408382895,0.2428503650697252,80.01386800334168,7.792784588959962
682729,Jonatan Clase,184,70.01732323232324,6.879747474747475,8.938348775880149,0.12222222222222222,0.280870132025091,79.57895433027012,19.159379931309754
682829,Elly De La Cruz,1206,72.62799365525393,7.249332217433355,8.965042048123259,0.12580261583467645,0.3072522699595859,83.64920514832504,9.14194577352472
682848,Endy Rodríguez,91,70.68368702553487,7.512560386473429,10.40298097196199,0.10955831608005522,0.24425547785547785,86.34264346764347,16.691413237924866
682927,Ronny Simon,147,70.88236192570871,7.263229064841968,5.2814950856662035,0.107811990876507,0.2618220130037845,82.31089324618736,10.766339869281046
682928,Cj Abrams,1139,70.797912136158,7.711090993391408,11.493189767778246,0.11975771207897377,0.28295816900243137,82.44154679058543,14.949966992222322
682985,Riley Greene,1437,74.51705780387222,7.4491512555383395,16.58654489943247,0.11164940602139177,0.3085901150481863,82.46277553551614,16.88987476422336
682988,Tyler Locklear,230,69.22320261437908,7.1926853010707825,13.023097140755949,0.07029620358781812,0.19925457573858893,80.77706787260358,7.462132034632035
682998,Corbin Carroll,1194,73.33173178324182,7.421814735900572,11.801631135990974,0.1162750283898365,0.3472688604360679,83.615487544232,13.548417067064731
683002,Gunnar Henderson,1156,74.03244848714921,7.459333885507643,10.485012790598523,0.12683617267608158,0.3161090668402018,83.90143208918442,12.769375047219361
683011,Anthony Volpe,1118,70.75814548932003,7.463245938343699,12.66177347752489,0.09602817946437103,0.243830911525455,82.8527145105321,14.24745289850084
683083,Nasim Nuñez,174,67.82215755735493,7.039545377867746,5.955353224970668,0.09046052631578948,0.21199314828419938,81.23640868934986,11.61965811965812
683090,Matthew Lugo,117,71.52749486516929,7.70540515470748,12.186397638351906,0.1832637646591135,0.30196540848685555,83.74342774146696,12.67283950617284
683146,Brett Baty,787,72.90919431550618,7.562643150603911,10.325052402817972,0.11136135906236015,0.303063193628268,83.61478234899288,7.529254955570745
683227,Cody Freeman,219,65.50442822176684,6.7337221083788705,10.38286483682299,0.13059540072859746,0.2790875914516796,80.62383286647993,17.671802054154995
683357,Owen Caissie,61,72.76515151515152,6.780411255411256,7.1209965108896895,0.047619047619047616,0.14763492063492065,79.39741019214703,8.458089668615985
683734,Andrew Vaughn,827,69.72689408538572,7.379269189404888,9.444910752337801,0.12673231431060242,0.30929667044263826,84.22035843457076,15.142323592905619
683737,Michael Busch,1067,68.66622260383572,7.108675311391597,17.361104017659184,0.12425255873294198,0.35654634986513295,84.40156916000666,15.61784488139825
683748,Victor Mesa,73,70.64098444765112,7.974686548019882,7.767978944855787,0.05326278659611993,0.2755095807210031,84.50369444444443,23.151944444444442
683766,Christian Koss,330,68.12277345240283,7.2079806700484665,10.326602226218673,0.1200388106239373,0.2516334079685274,81.72626244343893,3.5443619909502253
683770,Will Robertson,138,72.15597525205368,8.213187901423195,12.41602104148135,0.0688773826028728,0.17398108232866297,83.18482263350684,17.738143435511855
685301,Matt Gorski,88,73.15224415347535,7.901003191974464,16.502351164152557,0.08217705686925933,0.278135607820364,79.65333333333334,15.22843137254902
686217,Sal Frelick,999,66.16367771490063,7.32705165376992,10.005958048488965,0.14694214167898378,0.27948128282653045,78.85232376380225,12.329789119262804
686452,Drew Millas,91,64.82092911548754,6.97367048651616,5.993924525113642,0.09158489443948854,0.2073385787701577,76.98736118953511,6.425559947299078
686469,Vinnie Pasquantino,1195,71.68010879710921,7.501834069657414,10.94265642257429,0.1271227058499038,0.3100413768290999,86.04261866571615,16.113226705212
686475,Tyler Tolbert,93,69.07777777777778,6.943015873015874,11.194351069668885,0.12063492063492062,0.23986363636363636,81.97019230769232,-1.1634615384615383
686527,Dominic Canzone,558,71.55397097475208,7.4264268905770585,12.341196743794585,0.12230182780022843,0.3337420600200373,82.9821988098722,13.569155503785671
686554,Oliver Dunn,61,72.38019323671496,7.5426731078905,10.473271944574847,0.08095952023988005,0.2088449197860963,81.40625,1.4583333333333333
686555,Isaac Collins,763,71.02898905610222,6.915399864943083,6.934205727687517,0.12429776528271608,0.2841252314438258,82.05346121626792,14.291459744604573
686611,Dylan Crews,526,71.68557473228526,7.361929444824182,8.366833718962129,0.1068770410875674,0.26930665295743333,81.62017254929155,12.48091942319891
686668,Brenton Doyle,943,69.59752043836758,7.393509493492982,13.313113550388065,0.11766314646081293,0.31237415459458157,81.73749085091929,13.334576585658041
686676,Korey Lee,70,69.99626262626263,7.525151515151516,11.71680385309451,0.13030303030303028,0.24421461988304094,76.69849206349207,11.028571428571427
686681,Michael Massey,528,69.3205965985968,7.345215039103073,14.563320545182812,0.11033890516731738,0.24107431804847615,81.57827160493827,19.83179012345679
686765,Nick Sogard,168,66.54542638932882,7.183922852215535,16.38457719599197,0.12283109844085453,0.2704614799342475,79.85896358543418,10.191176470588236
686780,Pedro Pagés,750,71.60673349495984,7.252705996025175,9.43360994769566,0.10673256889926848,0.23023322361082701,80.17989054726367,14.057707013891964
686797,Brooks Lee,933,67.51637429149798,7.29340721997301,12.098144222573145,0.09412078272604589,0.23920783719437466,82.23094885361552,9.79970683392317
686894,Joey Wiemer,120,69.66448582281916,7.580518247184913,12.338235749655468,0.1102971102971103,0.4503027191007698,82.67018518518519,6.518518518518519
686948,Drake Baldwin,855,73.72319980130875,7.384657589583419,11.155424501794071,0.11867553247763295,0.30758619433586254,84.82139067087961,12.76104587558045
687221,Dalton Rushing,262,71.48544541187101,7.696198549625919,14.81194364586163,0.07776654644030417,0.2272286660548581,80.18882800655291,6.298940749107115
687231,Darell Hernaiz,334,66.74479318377182,7.313125559519514,8.117601410881475,0.12172561385693226,0.23918272451288847,78.15974012474011,11.507382767382767
687263,Zach Neto,1014,69.94520121082621,7.13411104826546,19.155434705354576,0.11352942174020604,0.29679016331486197,84.3385228512319,11.293675213675215
687363,Victor Scott,704,67.75352771060138,6.530891624121618,11.191061728663513,0.09238178990481309,0.22866880167133208,79.29692459383402,10.589012035156466
687401,Joey Ortiz,871,71.09948895563038,7.7961448695001465,4.227086049287981,0.1108805495724162,0.24314407423411818,79.73537285762349,14.585460972250937
687462,Spencer Horwitz,742,67.40498952553301,7.116318344698651,11.78717018293365,0.12364085601402987,0.2708221003853851,81.22811927771093,17.03759820426487
687478,Cam Devanney,70,65.82441731409546,7.352608213096559,12.495514815578018,0.07769145394006659,0.2023227272727273,80.25044642857142,24.703125
687515,Colby Thomas,265,72.14934939437863,7.947540194265341,14.82143194769821,0.09057996367937889,0.23101431253659208,83.39444444444445,22.38406120023767
687529,Grant Mccray,40,73.22586206896551,7.2962382445141065,13.683990011580505,0.045454545454545456,0.21640865384615393,87.475,32.7
687551,Drew Gilbert,185,70.56972527472527,7.632126577126577,5.928985350827348,0.09130036630036631,0.2232617654779211,80.26821987480439,17.083802816901407
687597,Jordan Beck,1032,71.97968004426137,7.874940857163627,12.73324444186501,0.1191186286802759,0.27835949516545916,79.4849829090687,12.267733998972957
687637,Dylan Beavers,213,69.63103503667334,7.699473237558344,10.581097742217292,0.09954234103170274,0.23736401711281388,80.41078595317725,22.846889055472264
687859,Troy Johnston,228,69.37423493408663,7.273440044319838,13.032289274150756,0.13889065885051613,0.3141752396738833,83.11428185849239,13.188962791594369
687952,Christian Encarnacion-Strand,260,72.7759991719876,7.570010391833242,17.487713038493467,0.09132170781721487,0.21571030614004016,80.72151084010841,16.95020325203252
687957,Dustin Harris,88,65.46421188630491,7.037829457364341,13.241145676600928,0.06434108527131784,0.16325,77.76997354497355,13.817460317460316
688363,Graham Pauley,309,67.66050537682655,7.285607080360748,10.636504580212799,0.10254296226499753,0.24929964966001494,80.82639260020555,14.954790453351604
688760,Blaine Crim,130,72.93219780219779,7.3989906389906395,11.475066560790262,0.06990231990231989,0.23445673578985468,80.32041310541311,23.88945868945869
689172,Brett Wisely,123,67.21543963318157,6.81112887080629,12.1809565174436,0.0965481610642901,0.25534394563769564,80.48030138339921,27.227305665349146
689200,Jacob Melton,146,71.4967803030303,7.465292207792207,11.471131549345877,0.07497294372294372,0.22650586988510066,81.64451277650649,-1.121805873379099
689414,Liam Hicks,550,66.27675346347701,6.837916935467241,10.894845499447163,0.11764112398408111,0.24734847949186153,79.07710031091474,7.872826778668703
690022,Ryan Ritter,379,68.31098233967505,7.017627646829684,14.140518529880842,0.10231081877940962,0.18750651392955395,81.4704076367389,11.407430340557275
690291,Jace Jung,102,72.14860248447205,7.540864389233955,10.205101764745704,0.05538302277432713,0.17496890331890333,80.19959365325077,15.3125
690924,Braxton Fulford,211,70.36622463020296,6.8133363433092535,13.849399687703553,0.07470760233918129,0.20620581907161917,83.21627647294991,17.94822091739436
690976,Alex Freeland,153,69.34172335600907,7.367945578231293,14.989212464798667,0.08068027210884354,0.19563542842253845,83.42210589741659,6.7395747031206845
690987,Robert Hassell,361,67.57884771055502,7.073403019744482,13.852681444780432,0.08768873403019745,0.23512107348373465,80.93193034825872,11.679983416252073
690993,Colt Keith,827,68.82985794927133,6.935861093706489,13.346377692867629,0.10311832822797735,0.277547787957995,81.31200196929034,10.28906198218592
691016,Tyler Soderstrom,1047,72.52233218052591,7.574166819527558,10.344269071299488,0.13166362717184313,0.3184855038884394,84.11192152952759,13.968150223052184
691019,Kyle Teel,532,67.45125750459084,6.893052213052212,13.1023162605562,0.12327035660368994,0.2916546899572008,81.00720795728081,13.359623413047407
691023,Jordan Walker,753,76.1838921123176,8.40710816437638,7.967506153937985,0.09699929874322688,0.2532342883573309,82.69799089545027,14.14395067655567
691026,Masyn Winn,977,69.61019478125014,7.620671561468456,7.043162620675023,0.13397023171262265,0.2532798470838145,80.7135923411169,20.378383927121657
691176,Jasson Domínguez,840,73.00928541961304,7.85344575962419,7.044657705598236,0.113621873985768,0.28051011899207046,81.98920244133058,12.37080432780301
691182,Adael Amador,202,69.1056911976912,7.422940836940836,6.486537948707874,0.07212121212121213,0.2166727383952202,79.47530081173493,10.728411950482174
691185,Maximo Acosta,91,66.49421296296298,7.392510893246187,14.545960689690887,0.13820806100217864,0.3692061386966943,82.86738095238096,13.923809523809524
691406,Junior Caminero,1192,77.1129974270867,8.524734726526761,9.307372554203376,0.11992346885272964,0.31765238815069446,85.0724526057299,13.041934831430773
691594,Javier Sanoja,521,66.62499364752426,7.455426844300399,2.8913546692064123,0.12164023447787276,0.23897378954945162,80.69626940711225,14.187145358499526
691718,Pete Crow-Armstrong,1375,71.15343911085068,7.299852955126684,14.974903330752637,0.11195397784512591,0.3054942875932503,83.22348397013494,21.88387185034574
691720,Kyle Karros,267,67.68510607381575,7.250207392142876,10.043363495617596,0.09009669493540462,0.20857331591173053,80.13064043799336,10.850299210593327
691723,Coby Mayo,484,73.62161867846311,7.48754057921892,12.421269201464284,0.12411041487417039,0.2841989628598023,81.95653907433832,20.121825461804175
691728,Zac Veen,79,69.62397560510767,7.157015437392796,10.400314990469916,0.044444444444444446,0.18681632653061223,84.32539682539682,25.45873015873016
691777,Max Muncy,402,71.58316753832206,7.504419876715441,11.066058814691118,0.08964375731245607,0.2514410907605376,81.49116431487299,13.484521072796936
691781,Brady House,540,71.70865497076024,7.663850652271705,10.785730779215747,0.096536212325686,0.2786317291134618,82.60127445135281,5.946558593343365
691783,Jordan Lawlar,116,70.41693055372302,7.794545234639575,19.07235256781808,0.08763249329287065,0.16431230524708784,84.00615038115038,20.331774081774082
691785,Marcelo Mayer,252,72.49936756629738,8.03057087101247,10.30846503062912,0.09008601036108167,0.22855595044054508,81.55370563109695,8.516736612388785
692216,C. J. Kayfus,262,70.19011334438143,6.83755219973748,12.364378602901297,0.09177017925288493,0.274916621478603,80.72353061165019,15.411156763897388
692225,Kristian Campbell,440,71.34948618710797,7.072211842163797,14.662120732085286,0.09740201966279638,0.253519118391706,82.12901808087317,7.266195716265784
692585,Yanquiel Fernández,315,73.8153334146292,8.064722747257958,11.109869669137188,0.08932449918365411,0.21682427729299017,82.77809262418712,9.578102953340144
693304,Nick Gonzales,760,68.67681124106564,7.68548363754504,10.31138304503225,0.11518105026876957,0.279607654188128,81.8823271221532,9.923960097873142
693307,Dillon Dingler,918,70.78587374721877,7.853083663142144,12.7543633659724,0.13655659912969853,0.3566625099599993,82.16277226911062,15.35503492329955
694192,Jackson Chourio,1151,72.2486073534187,7.62579713057096,8.454772341790438,0.1549914299390511,0.30876569059194187,82.79912028875907,12.173181048181048
694203,Denzer Guzman,85,71.57053571428571,8.169717261904761,11.36235554374971,0.046875,0.20422476723712252,81.2628205128205,30.970085470085472
694208,Moisés Ballesteros,114,70.93074074074073,7.144285714285715,7.170981185018807,0.14497354497354498,0.27618711796236056,83.7551706747359,10.50897170462388
694212,Samuel Basallo,234,74.32899323893353,7.50395322532636,10.922748355346078,0.0705166475315729,0.26558835155614163,84.88626548889707,19.5338199811884
694359,Niko Kavadas,37,68.69945286195286,7.324621212121212,20.98966054202291,0.06018518518518518,0.2054730158730159,85.94683982683982,31.19047619047619
694362,Blake Dunn,123,68.62299231717039,6.356916358628688,6.753202261560816,0.08440240632021452,0.2585332219880502,78.47492063492064,8.07037037037037
694374,Tim Tawa,394,72.04391983594333,7.209933507332836,12.471504685079568,0.09945314441958737,0.25970110372447514,82.35678617157491,7.94604377104377
694376,Shay Whitcomb,64,70.88411764705883,7.7936274509803924,11.80990030406706,0.0607843137254902,0.23322142857142855,82.57005347593582,16.497326203208555
694377,Nick Yorke,126,69.00186759793502,7.529881566960219,3.532990965967306,0.1204069237777103,0.23292380646083477,79.97092245989305,16.45981554677207
694384,Nolan Schanuel,893,66.30566805362922,6.842856191020097,10.165616596965867,0.11549454733349651,0.2664928048771163,80.81763630552892,11.928868866033296
694388,Joey Loperfido,194,70.37539754702875,7.765589703178356,16.874963258963902,0.1590339657715544,0.2994173873117623,83.74972294372294,11.144444444444446
694497,Evan Carter,342,68.64459214732558,7.319176341026935,10.680417862357645,0.13186803101913458,0.2635273465358996,79.68625535749075,11.714871907266705
694671,Wyatt Langford,984,71.68230194565622,7.158027720164411,17.920395094344062,0.10645858347269262,0.28240907896410034,84.41105376344086,16.071520737327187
694728,Brice Matthews,87,71.47412818662819,7.645135882635883,19.41296250869596,0.06926406926406926,0.28314481733021635,80.48592592592593,11.693827160493827
695238,Will Wagner,302,68.3050392558457,6.6016619730329404,6.477697257333382,0.0976489161973033,0.27461178478726866,79.02361716731266,14.796025944292447
695336,Thomas Saggese,568,69.01176691179649,7.164325117548063,10.815230566147966,0.11532022856682822,0.2871375204772712,81.80353927203065,16.31510637225247
695391,Brett Harris,139,70.21316102688054,7.437848824434191,8.75781460363594,0.14613088698454554,0.22144729853479853,78.27600854700854,13.222991452991453
695506,Jac Caglianone,426,75.64459644939664,7.775623648271698,9.719226251916071,0.07163567722065556,0.2864021205823113,82.74225349705472,6.899204083015821
695578,James Wood,1134,73.5749436936937,7.839488154019404,13.142547984537918,0.11306775525525525,0.3240300865542097,84.44951918390613,5.980929786162167
695600,Carter Jensen,136,73.21312636165577,6.964776688453159,4.381738120509314,0.12919389978213508,0.4396240560654623,83.90817780103494,17.012820512820515
695657,Colson Montgomery,543,75.61405387205387,7.893741582491582,12.666037978368086,0.11441077441077441,0.31835030324543817,83.28295241608696,17.91171096345515
695681,Christian Moore,359,71.18028940919844,7.241944616779274,10.137726689263468,0.10548704655873313,0.24001880680506812,80.90924458257791,16.969040835707503
695734,Daylen Lile,657,67.9802229064323,7.32857000333239,11.043566625456334,0.1478035803243987,0.315771343769639,81.3825231572081,18.761876591364647
696030,Alejandro Osuna,316,70.53726155859086,7.1550604536610125,5.918602942126445,0.10423235756049576,0.2978994753086657,80.10984632122943,16.476847290640396
696100,Hunter Goodman,1135,73.4296647995965,7.357018456637792,14.467534584861227,0.13126757669699737,0.30873252699757087,84.02466497890295,16.327946610183737
696285,Jacob Young,543,66.67593160977675,7.164937144833046,7.646889231616157,0.112262912393036,0.2586937645040914,79.50004515588314,6.423725274509969
699625,Jimmy Crooks,98,71.75126915708812,7.392097701149425,17.290931201078852,0.06585249042145594,0.21829790171451358,82.37272727272727,18.79141414141414
700242,Trey Sweeney,590,72.30725927228214,7.621317830538998,9.447684766648111,0.0961664396966788,0.2293378807202809,80.0941682130138,13.10709398624015
700246,Carson Williams,195,73.18122565121075,7.756253660275507,17.590901228485755,0.09340386525093576,0.24848239044670187,81.37694953017534,18.371355226193938
700250,Ben Rice,888,71.84333419465977,7.488199827734711,11.792401019171592,0.11784668389319553,0.33951801247774477,85.25652631970814,11.746994535519127
700337,Edgar Quero,716,66.86677818835513,6.846255007379296,7.582563789656999,0.1307522443046262,0.24874805698527427,83.70517412964222,12.105818584541987
700932,Kyle Manzardo,961,69.27593248564447,7.5009394903824,18.673019652905218,0.1102662384915995,0.2841798049827033,82.95554884054077,17.013819842258197
701305,Zach Dezenzo,210,71.86461131461131,7.736263736263736,16.53885533328147,0.12277167277167278,0.2962710676233127,81.74148692810458,13.639624183006537
701350,Roman Anthony,458,72.95964050764051,7.458009842009843,11.784037358619521,0.13940947940947943,0.2972896094133854,84.8194514590348,6.921763935652824
701358,Cam Smith,964,73.57226287436997,7.530172450367869,10.456355518597471,0.1101230579063634,0.270114652963691,81.51420174483812,14.197933984795995
701398,Sal Stewart,106,70.54323361823361,7.733048433048433,10.051405949791372,0.1128917378917379,0.4276140266833438,85.79100609756097,23.733993902439025
701538,Jackson Merrill,956,70.77048733552874,7.639816237638374,12.339714646992741,0.10764180922583504,0.2998986832137203,82.22131241986746,16.406428803142287
701675,Nathan Church,127,67.99952153110048,7.457358674463937,8.242750679939471,0.05223285486443382,0.21669284274193548,79.27372294372294,13.288455988455988
701762,Nick Kurtz,794,75.2365145251938,7.8382825750431735,15.59943041079405,0.1383297055202737,0.3398711022240903,84.99763933424951,14.384033648440429
702176,Alan Roden,249,68.76328385958278,7.186095827818743,10.27849648805176,0.09085996092519065,0.160629394798857,81.17020123839009,3.065995872033024
702284,Cole Young,432,70.14166229266118,6.997992246191934,9.46465540728378,0.11395929128927162,0.2558386426282628,81.42219382504288,18.452898799313893
702332,Caleb Durbin,801,66.01720976910894,6.965412219721597,9.035415387534593,0.10877486038176211,0.24005394068860145,79.41574606293841,11.757622580718355
702616,Jackson Holliday,1095,69.03353735173998,7.00184232143143,8.719979813216197,0.12598325302260013,0.2811352095504647,82.09068725132681,12.738848533704044
802415,Chandler Simpson,674,63.077593490571225,6.579453185991532,5.870065720222904,0.15461432734070044,0.27557909016833965,77.01850044646794,4.596424574103145
804668,Rafael Flores,34,71.70520833333333,7.683333333333334,18.541608576586405,0.059027777777777776,0.3737676282051282,89.7225,15.075
805249,Otto Kemp,403,71.30904829527282,7.577193628862023,12.766940304486399,0.10244226955798631,0.2726430780622643,81.19704312027841,8.869843391902215
805300,Jakob Marsee,370,69.64121642394822,6.928064320388349,6.39278186894857,0.17644619741100323,0.32483298907932373,83.17814603351437,15.68805985321086
805367,Chase Meidroth,757,66.3217463590247,6.7601666939398894,7.83111646817601,0.12796487208858343,0.24643809365348168,81.91480417805185,9.596995145775635
805373,Nacho Alvarez,326,65.40786989225931,7.7923074127052345,9.189896601029377,0.11348693705540125,0.2102715374689881,77.37323061174061,24.13223787167449
805779,Jacob Wilson,788,62.896936892461575,6.3320785798993,5.8274582819612455,0.17071746331201024,0.2756291042066936,80.1723686616493,13.309394167246372
805811,Bryce Eldridge,64,70.7059829059829,7.306495726495726,15.311713511981567,0.03148148148148148,0.1901097314919917,82.6333850931677,13.022256728778467
805904,Zach Cole,87,72.98490842490843,7.385763125763126,9.953372805011533,0.09273504273504274,0.20116137566137568,78.07765151515152,16.63131313131313
807712,Luke Keaschall,292,64.16395985275905,6.571918833998441,10.606586964788,0.15904660336681806,0.2593797593058627,81.23142857142857,11.712000547345374
807713,Matt Shaw,800,68.01372702147977,7.123333362115447,11.891889417470765,0.11553709662667232,0.28875449374361545,80.52426424299654,15.760083636854175
807799,Masataka Yoshida,326,70.39629563629563,7.464878174878176,11.065534478235088,0.14216524216524218,0.2715033864352065,84.9604119401583,7.9337255454566815
808975,Hyeseong Kim,324,65.54407407407406,7.228160095579451,12.629348103799492,0.13046594982078852,0.21218490967466197,78.84150793650794,10.303391053391053
808982,Jung Hoo Lee,1006,67.21485681769394,7.654006630138379,6.455968769846585,0.13456523128501152,0.28221219756592386,80.5201420636427,12.221530463369566
810938,Ben Williamson,561,68.46858189740543,7.07141018023371,4.60522693015779,0.14408793820558527,0.2640295303688733,82.69291294642856,9.454964327937022
